fund_id,sector_id,percent
f1,s1,30.89
f1,s4,20.73
f1,s3,20.29
f2,s1,27.56
f2,s3,14.16
f2,s5,13.8
f3,s1,39.96
f3,s3,18.92
f3,s7,12.88
f4,s2,28.66
f4,s8,26.87
f4,s1,18.73
f5,s3,86.42
f5,s4,5.02
f5,s2,3.15
f6,s1,22.42
f6,s3,16.81
f6,s8,16.39
f7,s1,32.12
f7,s3,13.79
f7,s2,11.73
f8,s1,32.29
f8,s2,12.58
f8,s3,12.25
f9,s1,30.55
f9,s3,20.8
f9,s2,11.69
f10,s4,50.08
f10,s5,12.93
f10,s7,11.85
f11,s1,34.98
f11,s3,15.11
f11,s2,9.44
f12,s1,26.94
f12,s2,15.42
f12,s4,15.05
f13,s5,28.27
f13,s4,25.92
f13,s2,24.55
f14,s1,21.3
f14,s5,15.5
f14,s4,15.21
f15,s4,23.28
f15,s2,18.8
f15,s8,17.17
f16,s1,37.74
f16,s3,16.95
f16,s7,11.77
f17,s1,37.72
f17,s3,16.94
f17,s7,11.77
f18,s1,20.27
f18,s7,15.78
f18,s8,13.89
f19,s6,95.64
f19,s4,1.6
f19,s5,0.82
f20,s7,40.14
f20,s1,36.26
f20,s4,13.16
f21,s1,26.1
f21,s4,17.17
f21,s3,13.52
f22,s4,18.18
f22,s1,17.5
f22,s2,16.88
f23,s1,23.5
f23,s5,15.83
f23,s3,13.43
f24,s1,30.08
f24,s3,14.83
f24,s2,10.5
f25,s1,30.14
f25,s3,21.39
f25,s2,13.04
f26,s1,29.21
f26,s3,15.19
f26,s2,13.43
f27,s1,33.92
f27,s3,19.18
f27,s6,10.63
f28,s1,31.73
f28,s3,18.05
f28,s2,11.27
f29,s1,25.14
f29,s3,15.36
f29,s4,14.28
f30,s2,16.61
f30,s1,14.76
f30,s5,13.82
f31,s1,34.78
f31,s3,14.92
f31,s7,12.45
f32,s1,37.76
f32,s3,16.92
f32,s7,11.77
f33,s1,19.76
f33,s4,15.3
f33,s5,14.29
f34,s1,39.91
f34,s3,18.9
f34,s7,12.86
f35,s1,32.99
f35,s3,12.05
f35,s5,9.83
f36,s1,35.75
f36,s3,16.23
f36,s2,12.92
f37,s1,37.92
f37,s6,12.27
f37,s3,10.89
f38,s4,45.35
f38,s7,16.6
f38,s5,9.64
f39,s1,30.74
f39,s3,14.53
f39,s7,11.41
f40,s1,29.98
f40,s4,13.46
f40,s3,11.04
f41,s1,37.61
f41,s3,16.9
f41,s7,11.73
f42,s1,37.75
f42,s3,16.94
f42,s7,11.78
f43,s1,21.28
f43,s2,13.64
f43,s6,11.89
f44,s1,33.34
f44,s7,11.65
f44,s2,11.56
f45,s1,24.66
f45,s4,16.08
f45,s5,13.81
f46,s1,26.1
f46,s4,14.71
f46,s5,13.95
f47,s1,29.61
f47,s2,13.54
f47,s5,11.89
f48,s4,29.03
f48,s5,17.99
f48,s2,16.1
f49,s4,18.26
f49,s1,18.14
f49,s5,14.86
f50,s1,31.56
f50,s4,15.04
f50,s3,12.7
f51,s1,38.97
f51,s6,12.72
f51,s3,12.29
f52,s8,37.67
f52,s2,37.39
f52,s3,9.98
f53,s1,31.96
f53,s3,15.37
f53,s7,12.47
f54,s1,18.24
f54,s4,16.98
f54,s6,15.27
f55,s7,34.56
f55,s4,22.14
f55,s1,19.91
f56,s1,30.87
f56,s2,25.84
f56,s8,19.0
f57,s1,28.79
f57,s4,14.67
f57,s3,11.79
f58,s1,28.42
f58,s2,13.8
f58,s3,12.7
f59,s4,43.49
f59,s7,21.99
f59,s5,12.03
f60,s2,30.88
f60,s1,17.88
f60,s3,12.22
f61,s1,32.74
f61,s3,14.72
f61,s2,11.24
f62,s4,22.57
f62,s1,21.16
f62,s5,12.76
f63,s7,64.01
f63,s4,23.21
f63,s5,12.76
f64,s1,36.22
f64,s3,11.98
f64,s6,10.58
f65,s1,40.63
f65,s3,11.79
f65,s6,9.54
f66,s1,35.45
f66,s3,13.04
f66,s6,9.21
f67,s4,26.31
f67,s5,17.78
f67,s7,15.74
f68,s1,43.36
f68,s2,12.87
f68,s7,10.37
f69,s1,32.1
f69,s3,11.96
f69,s6,11.2
f70,s5,17.5
f70,s1,15.46
f70,s2,14.57
f71,s1,23.86
f71,s5,16.39
f71,s2,15.56
f72,s1,37.69
f72,s3,16.93
f72,s7,11.76
f73,s1,20.27
f73,s7,15.76
f73,s8,13.86
f74,s1,29.8
f74,s3,20.4
f74,s8,16.11
f75,s5,23.4
f75,s2,23.3
f75,s4,14.54
f76,s1,36.16
f76,s3,13.98
f76,s2,10.78
f77,s1,30.31
f77,s3,13.71
f77,s2,12.56
f78,s1,35.42
f78,s3,10.98
f78,s6,10.59
f79,s1,28.37
f79,s4,13.27
f79,s3,12.9
f80,s1,23.83
f80,s4,14.54
f80,s2,14.34
f81,s4,23.92
f81,s2,19.4
f81,s1,14.31
f82,s4,23.48
f82,s1,18.72
f82,s5,15.99
f83,s4,39.04
f83,s7,26.18
f83,s1,11.6
f84,s7,31.96
f84,s3,14.98
f84,s8,10.16
f85,s1,30.67
f85,s3,16.86
f85,s4,10.35
f86,s1,28.9
f86,s3,15.97
f86,s2,10.81
f87,s1,35.0
f87,s3,16.97
f87,s4,9.72
f88,s1,33.06
f88,s3,20.86
f88,s2,10.69
f89,s1,24.84
f89,s3,22.55
f89,s4,13.04
f90,s1,20.58
f90,s2,17.99
f90,s5,13.13
f91,s1,37.68
f91,s3,16.9
f91,s7,11.76
f92,s3,19.98
f92,s1,19.78
f92,s6,14.12
f93,s2,20.72
f93,s1,17.1
f93,s4,13.6
f94,s3,77.55
f94,s1,4.97
f94,s2,2.92
f95,s1,31.92
f95,s3,11.94
f95,s2,11.89
f96,s1,37.99
f96,s3,12.81
f96,s4,10.62
f97,s1,39.0
f97,s4,13.68
f97,s2,9.44
f98,s1,39.99
f98,s3,18.93
f98,s7,12.89
f99,s1,40.0
f99,s3,18.94
f99,s7,12.89
f100,s1,42.45
f100,s2,17.15
f100,s3,9.98
f101,s1,40.08
f101,s2,16.91
f101,s6,9.05
f102,s1,39.52
f102,s2,22.9
f102,s6,8.01
f103,s1,31.2
f103,s5,24.9
f103,s4,16.27
f104,s4,40.28
f104,s1,20.58
f104,s5,12.53
f105,s1,30.82
f105,s3,12.8
f105,s6,12.65
f106,s1,32.74
f106,s3,13.16
f106,s2,12.27
f107,s1,24.13
f107,s2,14.6
f107,s3,13.06
f108,s1,37.75
f108,s3,16.94
f108,s7,11.78
f109,s1,37.76
f109,s3,16.97
f109,s7,11.78
f110,s1,31.13
f110,s4,12.4
f110,s3,10.59
f111,s4,26.31
f111,s2,16.85
f111,s6,12.62
f112,s1,36.49
f112,s3,14.49
f112,s4,8.75
f113,s1,28.61
f113,s4,25.85
f113,s2,14.17
f114,s1,24.73
f114,s4,18.85
f114,s2,15.66
f115,s1,27.75
f115,s3,17.2
f115,s4,12.48
f116,s1,39.66
f116,s4,16.43
f116,s3,10.81
f117,s4,46.52
f117,s7,16.42
f117,s5,11.55
f118,s1,28.59
f118,s4,22.32
f118,s3,17.14
f119,s1,34.48
f119,s3,19.03
f119,s2,8.64
f120,s4,27.14
f120,s1,25.18
f120,s3,14.75
f121,s1,37.79
f121,s3,16.97
f121,s7,11.78
f122,s1,20.31
f122,s7,15.8
f122,s8,13.9
f123,s4,24.5
f123,s1,18.13
f123,s5,15.48
f124,s1,31.61
f124,s2,17.43
f124,s6,13.1
f125,s1,32.87
f125,s5,16.05
f125,s2,9.82
f126,s1,94.37
f126,s4,1.31
f126,s3,0.01
f127,s7,34.55
f127,s4,22.13
f127,s1,19.9
f128,s2,36.13
f128,s8,28.55
f128,s3,11.18
f129,s1,30.34
f129,s3,13.03
f129,s7,10.52
f130,s4,22.0
f130,s1,17.94
f130,s6,16.21
f131,s1,39.98
f131,s3,18.93
f131,s7,12.88
f132,s1,39.99
f132,s3,18.94
f132,s7,12.88
f133,s5,93.26
f133,s4,3.53
f133,s7,0.67
f134,s1,27.29
f134,s7,17.74
f134,s2,9.51
f135,s1,29.77
f135,s2,16.21
f135,s6,12.41
f136,s1,33.5
f136,s3,16.93
f136,s4,13.31
f137,s8,91.74
f137,s6,2.35
f137,s5,0.96
f138,s1,27.12
f138,s3,15.74
f138,s5,12.39
f139,s1,23.37
f139,s7,14.35
f139,s3,13.96
f140,s1,29.63
f140,s7,12.21
f140,s6,11.79
f141,s4,35.56
f141,s7,18.51
f141,s5,17.53
f142,s1,29.71
f142,s7,13.29
f142,s3,10.65
f143,s2,22.78
f143,s1,18.21
f143,s5,11.69
f144,s5,43.34
f144,s2,22.94
f144,s4,21.34
f145,s5,27.69
f145,s4,23.55
f145,s1,18.82
f146,s8,25.4
f146,s2,23.92
f146,s6,21.36
f147,s1,34.76
f147,s3,14.92
f147,s7,12.46
f148,s8,19.29
f148,s6,18.18
f148,s1,16.65
f149,s1,37.74
f149,s3,16.95
f149,s7,11.78
f150,s1,37.74
f150,s3,16.95
f150,s7,11.78
f151,s3,28.93
f151,s1,25.74
f151,s2,12.14
f152,s1,31.72
f152,s6,21.72
f152,s3,14.73
f153,s1,21.49
f153,s4,19.12
f153,s5,12.37
f154,s1,20.27
f154,s7,15.78
f154,s8,13.88
f155,s1,20.28
f155,s7,15.78
f155,s8,13.89
f156,s1,30.44
f156,s7,14.71
f156,s3,13.01
f157,s6,89.71
f157,s4,2.85
f157,s5,2.26
f158,s5,29.05
f158,s1,22.54
f158,s3,11.98
f159,s5,28.66
f159,s4,21.67
f159,s2,10.83
f160,s3,89.83
f160,s4,4.76
f160,s2,2.28
f161,s1,22.07
f161,s3,20.22
f161,s6,12.64
f162,s1,30.49
f162,s7,14.48
f162,s3,11.32
f163,s1,31.11
f163,s3,16.6
f163,s6,13.87
f164,s1,23.32
f164,s2,18.27
f164,s3,17.69
f165,s4,43.28
f165,s5,19.55
f165,s2,9.53
f166,s1,30.68
f166,s3,16.68
f166,s2,14.06
f167,s1,26.97
f167,s6,19.28
f167,s3,15.1
f168,s1,29.44
f168,s6,19.76
f168,s2,12.84
f169,s1,37.76
f169,s3,16.95
f169,s7,11.79
f170,s7,43.94
f170,s4,27.8
f170,s1,21.95
f171,s1,26.85
f171,s6,21.24
f171,s4,13.36
f172,s1,33.28
f172,s4,21.79
f172,s5,10.03
f173,s4,22.12
f173,s1,20.64
f173,s5,18.15
f174,s1,27.81
f174,s3,15.34
f174,s4,14.38
f175,s1,27.1
f175,s4,18.36
f175,s2,16.55
f176,s1,25.04
f176,s2,22.47
f176,s4,18.03
f177,s1,30.92
f177,s3,16.86
f177,s4,13.34
f178,s1,23.14
f178,s2,19.6
f178,s4,18.34
f179,s1,40.04
f179,s3,18.95
f179,s7,12.9
f180,s1,31.5
f180,s3,15.12
f180,s4,11.33
f181,s1,28.69
f181,s3,17.9
f181,s7,12.24
f182,s1,25.57
f182,s5,18.43
f182,s4,16.52
f183,s1,27.2
f183,s3,20.91
f183,s4,17.5
f184,s4,44.9
f184,s5,17.24
f184,s3,13.28
f185,s1,29.78
f185,s3,15.82
f185,s7,10.98
f186,s1,22.9
f186,s4,17.82
f186,s3,16.0
f187,s3,18.23
f187,s4,16.23
f187,s5,14.95
f188,s1,37.73
f188,s3,16.94
f188,s7,11.77
f189,s3,28.93
f189,s1,25.73
f189,s2,12.14
f190,s2,15.34
f190,s6,14.77
f190,s4,13.66
f191,s6,22.73
f191,s4,21.86
f191,s2,16.74
f192,s1,92.29
f192,s2,1.81
f192,s4,1.13
f193,s1,39.94
f193,s3,18.89
f193,s7,12.87
f194,s1,39.94
f194,s3,18.85
f194,s7,12.85
f195,s4,26.89
f195,s1,15.54
f195,s2,14.27
f196,s1,23.75
f196,s4,20.37
f196,s2,12.2
f197,s1,29.82
f197,s4,16.3
f197,s2,14.09
f198,s4,21.36
f198,s1,19.77
f198,s2,12.48
f199,s1,26.33
f199,s4,21.64
f199,s5,11.37
f200,s4,51.06
f200,s7,9.77
f200,s5,8.78
f201,s1,30.24
f201,s4,14.77
f201,s7,11.69
f202,s1,25.32
f202,s4,22.42
f202,s2,13.03
f203,s4,22.73
f203,s2,21.49
f203,s1,17.12
f204,s1,34.66
f204,s3,14.86
f204,s7,12.43
f205,s1,37.65
f205,s3,16.94
f205,s7,11.75
f206,s1,37.68
f206,s3,16.91
f206,s7,11.76
f207,s1,20.26
f207,s7,15.79
f207,s8,13.87
f208,s4,38.22
f208,s2,15.48
f208,s8,9.83
f209,s2,39.13
f209,s8,29.58
f209,s3,14.26
f210,s1,33.93
f210,s2,13.74
f210,s3,13.12
f211,s1,36.72
f211,s3,16.24
f211,s2,9.39
f212,s1,28.32
f212,s3,16.73
f212,s6,15.98
f213,s4,21.29
f213,s1,18.74
f213,s2,14.41
f214,s1,32.3
f214,s3,13.67
f214,s2,13.0
f215,s3,22.37
f215,s1,20.76
f215,s2,19.1
f216,s2,44.88
f216,s8,27.12
f216,s3,13.76
f217,s6,97.45
f217,s5,1.33
f217,s4,0.84
f218,s1,31.16
f218,s3,17.21
f218,s8,10.63
f219,s1,27.62
f219,s3,14.03
f219,s2,12.28
f220,s1,21.31
f220,s4,19.46
f220,s3,12.42
f221,s1,37.74
f221,s3,16.95
f221,s7,11.78
f222,s1,20.27
f222,s7,15.77
f222,s8,13.88
f223,s4,22.67
f223,s1,22.55
f223,s2,16.55
f224,s3,29.09
f224,s2,25.91
f224,s4,21.15
f225,s1,26.67
f225,s4,18.08
f225,s2,17.26
f226,s4,26.28
f226,s1,18.4
f226,s2,17.03
f227,s2,29.0
f227,s3,26.63
f227,s4,16.17
f228,s1,30.95
f228,s3,13.16
f228,s7,10.53
f229,s1,37.72
f229,s3,16.94
f229,s7,11.77
f230,s1,37.77
f230,s3,16.96
f230,s7,11.78
f231,s1,23.73
f231,s4,18.01
f231,s2,11.68
f232,s1,21.52
f232,s4,19.15
f232,s5,12.39
f233,s1,20.29
f233,s7,15.79
f233,s8,13.89
f234,s1,21.82
f234,s4,19.19
f234,s5,14.49
f235,s1,24.7
f235,s4,15.81
f235,s6,12.93
f236,s1,30.38
f236,s2,16.89
f236,s4,12.59
f237,s1,33.5
f237,s2,12.51
f237,s4,12.43
f238,s2,40.86
f238,s8,32.44
f238,s3,11.41
f239,s1,38.38
f239,s2,11.07
f239,s3,10.47
f240,s1,39.97
f240,s3,18.93
f240,s7,12.88
f241,s1,27.16
f241,s2,13.71
f241,s8,13.6
f242,s1,34.75
f242,s3,14.91
f242,s7,12.45
f243,s1,37.75
f243,s3,16.94
f243,s7,11.77
f244,s3,41.54
f244,s6,16.02
f244,s8,14.1
f245,s3,28.91
f245,s1,25.71
f245,s2,12.13
f246,s3,28.75
f246,s1,21.46
f246,s8,19.07
f247,s2,33.39
f247,s8,31.25
f247,s3,17.97
f248,s7,39.15
f248,s4,22.36
f248,s3,16.56
f249,s1,20.28
f249,s7,15.77
f249,s8,13.87
f250,s1,32.15
f250,s2,19.88
f250,s6,11.1
f251,s1,24.19
f251,s4,17.97
f251,s2,17.4
f252,s1,39.96
f252,s3,18.93
f252,s7,12.88
f253,s1,37.75
f253,s3,16.95
f253,s7,11.78
f254,s1,33.74
f254,s7,12.72
f254,s8,11.66
f255,s1,20.27
f255,s7,15.76
f255,s8,13.86
f256,s4,31.48
f256,s7,30.68
f256,s5,11.22
f257,s1,35.14
f257,s7,12.27
f257,s2,11.34
f258,s1,30.83
f258,s2,13.62
f258,s4,13.27
f259,s4,22.27
f259,s1,15.33
f259,s5,14.97
f260,s1,34.85
f260,s3,13.31
f260,s4,13.26
f261,s1,23.27
f261,s2,15.22
f261,s3,13.83
f262,s1,29.42
f262,s2,15.69
f262,s3,14.83
f263,s1,27.77
f263,s3,16.6
f263,s2,10.44
f264,s1,29.46
f264,s3,13.26
f264,s2,13.15
f265,s1,28.57
f265,s4,13.36
f265,s2,13.13
f266,s1,31.84
f266,s3,15.6
f266,s2,11.94
f267,s4,18.61
f267,s1,17.12
f267,s2,14.42
f268,s1,27.92
f268,s3,14.58
f268,s4,11.92
f269,s1,42.57
f269,s3,18.16
f269,s2,12.83
f270,s2,28.63
f270,s1,22.99
f270,s3,10.98
f271,s1,37.77
f271,s3,16.95
f271,s7,11.79
f272,s1,42.38
f272,s3,18.58
f272,s2,12.6
f273,s1,35.04
f273,s3,15.4
f273,s7,11.72
f274,s1,39.99
f274,s3,18.93
f274,s7,12.88
f275,s1,27.17
f275,s2,13.73
f275,s8,13.6
f276,s5,52.28
f276,s7,31.68
f276,s8,6.56
f277,s2,43.93
f277,s8,32.34
f277,s5,8.13
f278,s1,25.75
f278,s7,14.74
f278,s3,10.76
f279,s1,29.44
f279,s7,13.51
f279,s5,11.05
f280,s8,26.68
f280,s6,20.13
f280,s1,16.44
f281,s1,35.29
f281,s4,13.49
f281,s3,13.31
f282,s1,37.15
f282,s2,12.98
f282,s5,11.96
f283,s1,31.27
f283,s2,18.28
f283,s3,15.51
f284,s4,28.47
f284,s7,18.51
f284,s5,16.56
f285,s1,27.34
f285,s5,16.07
f285,s2,12.67
f286,s1,21.47
f286,s4,16.42
f286,s5,14.74
f287,s2,26.19
f287,s8,22.52
f287,s6,19.64
f288,s8,26.87
f288,s3,24.48
f288,s4,15.62
f289,s1,37.75
f289,s3,16.94
f289,s7,11.78
f290,s1,37.87
f290,s3,17.01
f290,s7,11.82
f291,s1,20.29
f291,s7,15.77
f291,s8,13.87
f292,s7,43.84
f292,s1,34.8
f292,s4,12.08
f293,s4,27.01
f293,s1,19.17
f293,s2,18.25
f294,s3,76.04
f294,s4,11.72
f294,s1,3.84
f295,s1,32.82
f295,s4,10.76
f295,s5,10.64
f296,s1,32.87
f296,s5,10.78
f296,s4,10.62
f297,s2,36.25
f297,s8,30.76
f297,s3,17.15
f298,s1,22.13
f298,s7,20.39
f298,s3,13.65
f299,s1,30.44
f299,s4,14.21
f299,s3,10.62
f300,s1,31.88
f300,s3,17.66
f300,s2,13.05
f301,s4,39.13
f301,s7,22.68
f301,s3,10.74
f302,s1,26.53
f302,s2,13.59
f302,s4,11.33
f303,s1,34.1
f303,s3,15.04
f303,s7,11.19
f304,s1,18.84
f304,s2,17.58
f304,s4,14.89
f305,s1,23.13
f305,s2,13.77
f305,s5,13.19
f306,s1,37.6
f306,s3,24.45
f306,s4,9.46
f307,s4,20.04
f307,s2,19.93
f307,s1,19.02
f308,s1,39.96
f308,s3,18.92
f308,s7,12.88
f309,s1,29.58
f309,s8,11.38
f309,s5,10.92
f310,s3,84.66
f310,s4,5.58
f310,s1,3.64
f311,s1,34.14
f311,s4,14.07
f311,s2,13.03
f312,s3,20.06
f312,s5,19.7
f312,s6,13.8
f313,s1,32.59
f313,s5,13.43
f313,s8,11.73
f314,s1,26.76
f314,s6,15.34
f314,s4,11.68
f315,s8,31.9
f315,s2,27.12
f315,s4,11.33
f316,s6,91.21
f316,s1,1.63
f316,s4,0.97
f317,s4,43.33
f317,s5,18.25
f317,s7,17.59
f318,s1,34.93
f318,s2,15.81
f318,s3,12.86
f319,s1,31.08
f319,s5,14.63
f319,s4,9.41
f320,s4,19.45
f320,s1,16.27
f320,s6,14.69
f321,s1,37.71
f321,s3,16.93
f321,s7,11.77
f322,s1,37.75
f322,s3,16.94
f322,s7,11.78
f323,s5,58.09
f323,s7,30.69
f323,s8,1.8
f324,s1,28.71
f324,s8,13.65
f324,s3,12.05
f325,s5,27.09
f325,s4,17.29
f325,s2,17.27
f326,s1,36.46
f326,s3,13.19
f326,s7,11.65
f327,s1,37.6
f327,s6,11.63
f327,s8,11.3
f328,s7,18.98
f328,s3,16.5
f328,s4,14.05
f329,s1,32.47
f329,s2,12.56
f329,s8,10.78
f330,s4,29.72
f330,s7,28.16
f330,s5,12.18
f331,s1,31.52
f331,s7,13.71
f331,s8,11.04
f332,s1,21.32
f332,s4,19.99
f332,s2,13.58
f333,s1,37.54
f333,s3,16.86
f333,s7,11.71
f334,s1,34.55
f334,s7,16.49
f334,s2,10.05
f335,s1,30.11
f335,s4,14.44
f335,s2,12.28
f336,s1,31.24
f336,s4,14.68
f336,s2,13.28
f337,s1,31.62
f337,s2,18.25
f337,s3,14.31
f338,s1,34.21
f338,s3,15.97
f338,s4,11.22
f339,s1,23.95
f339,s4,17.39
f339,s2,14.89
f340,s1,18.41
f340,s4,16.8
f340,s2,15.33
f341,s4,27.92
f341,s2,21.69
f341,s1,16.39
f342,s1,30.36
f342,s2,12.86
f342,s4,10.91
f343,s1,39.98
f343,s3,18.93
f343,s7,12.88
f344,s1,27.17
f344,s2,13.72
f344,s8,13.59
f345,s1,29.68
f345,s3,15.38
f345,s2,14.29
f346,s1,29.67
f346,s3,13.14
f346,s7,12.9
f347,s1,33.32
f347,s3,16.25
f347,s2,16.07
f348,s1,23.94
f348,s3,23.43
f348,s2,16.62
f349,s2,38.58
f349,s8,24.67
f349,s3,16.27
f350,s4,35.41
f350,s7,23.97
f350,s3,14.72
f351,s1,35.64
f351,s3,17.75
f351,s2,10.7
f352,s1,29.97
f352,s3,14.05
f352,s2,10.48
f353,s1,19.32
f353,s2,17.87
f353,s4,17.53
f354,s8,20.13
f354,s2,18.37
f354,s6,16.06
f355,s1,37.74
f355,s3,16.95
f355,s7,11.78
f356,s1,37.76
f356,s3,16.96
f356,s7,11.78
f357,s1,20.27
f357,s7,15.77
f357,s8,13.88
f358,s1,20.27
f358,s7,15.78
f358,s8,13.89
f359,s2,66.96
f359,s4,21.29
f359,s3,7.56
f360,s1,33.57
f360,s3,16.54
f360,s2,13.73
f361,s9,52.35
f361,s10,20.65
f361,s11,14.19
f362,s10,76.95
f362,s9,21.84
f362,s12,0.92
f363,s10,84.05
f363,s9,12.66
f363,s12,2.99
f364,s10,69.06
f364,s9,27.6
f364,s12,3.05
f365,s11,58.57
f365,s10,11.87
f365,s9,10.78
f366,s10,38.33
f366,s9,33.55
f366,s11,20.31
f367,s10,85.53
f367,s9,11.38
f367,s12,2.81
f368,s10,53.83
f368,s9,42.96
f368,s12,2.9
f369,s10,86.59
f369,s9,13.09
f369,s14,0.27
f370,s10,67.35
f370,s9,16.32
f370,s11,13.99
f371,s11,37.45
f371,s10,25.75
f371,s9,21.86
f372,s10,86.76
f372,s9,13.89
f372,s14,0.25
f373,s9,79.23
f373,s12,14.72
f373,s10,6.05
f374,s10,53.65
f374,s11,29.16
f374,s9,13.58
f375,s10,65.68
f375,s11,13.97
f375,s9,12.12
f376,s10,79.81
f376,s9,14.67
f376,s12,5.22
f377,s10,80.85
f377,s9,14.58
f377,s12,4.31
f378,s11,53.32
f378,s10,13.44
f378,s13,13.22
f379,s10,53.47
f379,s9,34.39
f379,s12,10.88
f380,s10,81.35
f380,s9,18.76
f380,s15,1.35
f381,s10,84.77
f381,s9,12.22
f381,s12,2.75
f382,s10,65.99
f382,s9,15.12
f382,s11,11.9
f383,s11,47.15
f383,s9,27.74
f383,s10,11.5
f384,s10,69.48
f384,s11,13.63
f384,s9,13.29
f385,s10,65.35
f385,s11,17.99
f385,s12,9.53
f386,s10,69.52
f386,s9,25.96
f386,s12,3.79
f387,s9,82.79
f387,s10,14.48
f387,s12,2.39
f388,s9,68.26
f388,s10,29.55
f388,s12,1.79
f389,s9,53.16
f389,s10,44.83
f389,s12,1.72
f390,s10,68.35
f390,s9,27.1
f390,s12,4.27
f391,s11,66.67
f391,s9,20.76
f391,s10,7.69
f392,s9,98.3
f392,s12,1.37
f392,s14,0.34
f393,s9,97.35
f393,s12,2.61
f393,s14,0.04
f394,s9,98.61
f394,s12,1.36
f394,s14,0.03
f395,s10,83.73
f395,s9,15.38
f395,s12,0.62
f396,s10,78.7
f396,s9,13.87
f396,s11,3.75
f397,s10,85.69
f397,s9,12.55
f397,s12,1.52
f398,s12,93.59
f398,s9,6.11
f398,s14,0.3
f399,s10,82.26
f399,s12,9.28
f399,s9,5.04
f400,s11,56.23
f400,s12,38.59
f400,s10,4.74
f401,s10,79.18
f401,s9,12.81
f401,s12,7.72
f402,s10,61.05
f402,s9,16.67
f402,s11,11.21
f403,s10,89.33
f403,s9,6.08
f403,s12,4.35
f404,s10,76.99
f404,s9,16.51
f404,s12,3.69
f405,s11,55.36
f405,s9,23.56
f405,s10,11.13
f406,s9,68.6
f406,s10,27.74
f406,s12,3.39
f407,s10,81.41
f407,s9,21.03
f407,s14,0.25
f408,s10,63.99
f408,s12,16.66
f408,s11,15.07
f409,s10,82.62
f409,s9,12.15
f409,s12,5.06
f410,s10,71.4
f410,s9,15.84
f410,s11,8.84
f411,s10,81.32
f411,s12,11.91
f411,s11,4.35
f412,s10,86.5
f412,s9,9.77
f412,s12,3.73
f413,s10,93.07
f413,s9,4.83
f413,s12,2.1
f414,s10,86.5
f414,s9,9.77
f414,s12,3.73
f415,s10,92.68
f415,s9,4.81
f415,s12,2.51
f416,s10,70.85
f416,s9,22.48
f416,s12,6.19
f417,s9,90.68
f417,s12,9.0
f417,s14,0.32
f418,s9,87.12
f418,s10,8.02
f418,s12,4.57
f419,s9,87.12
f419,s10,8.02
f419,s12,4.57
f420,s10,84.3
f420,s9,14.01
f420,s12,1.51
f421,s10,86.27
f421,s9,11.18
f421,s12,2.32
f422,s10,76.97
f422,s9,17.86
f422,s12,4.84
f423,s10,88.91
f423,s9,7.4
f423,s12,3.43
f424,s10,74.66
f424,s9,20.51
f424,s12,4.6
f425,s10,72.44
f425,s9,24.82
f425,s12,2.12
f426,s10,83.85
f426,s9,14.39
f426,s12,1.49
f427,s11,55.47
f427,s9,17.3
f427,s10,10.01
f428,s10,82.1
f428,s9,26.49
f428,s14,0.23
f429,s10,80.5
f429,s9,14.43
f429,s12,4.78
f430,s10,83.46
f430,s9,13.59
f430,s12,2.71
f431,s10,65.36
f431,s9,25.25
f431,s12,5.2
f432,s9,67.47
f432,s12,18.14
f432,s10,10.49
f433,s10,80.74
f433,s9,11.35
f433,s11,5.47
f434,s10,78.74
f434,s9,13.28
f434,s12,7.6
f435,s10,78.21
f435,s9,18.99
f435,s12,2.59
f436,s10,83.14
f436,s9,13.19
f436,s12,3.4
f437,s10,80.72
f437,s9,13.57
f437,s11,10.41
f438,s10,73.72
f438,s9,14.74
f438,s11,10.54
f439,s9,60.19
f439,s10,24.26
f439,s11,14.16
f440,s9,96.78
f440,s12,3.18
f440,s14,0.04
f441,s10,79.61
f441,s9,21.06
f441,s11,3.2
f442,s10,87.75
f442,s9,7.77
f442,s12,4.23
f443,s9,49.56
f443,s10,33.08
f443,s12,17.09
f444,s10,75.93
f444,s9,14.21
f444,s12,9.63
f445,s10,72.69
f445,s9,14.84
f445,s12,12.22
f446,s10,82.32
f446,s9,11.56
f446,s12,4.35
f447,s10,75.67
f447,s9,20.61
f447,s12,3.44
f448,s11,55.64
f448,s13,15.74
f448,s9,9.89
f449,s9,82.73
f449,s10,12.43
f449,s12,3.0
f450,s10,50.79
f450,s9,32.9
f450,s11,13.17
f451,s9,73.8
f451,s10,17.08
f451,s12,8.41
f452,s10,84.0
f452,s9,23.2
f452,s14,0.3
f453,s10,74.9
f453,s9,11.67
f453,s11,11.13
f454,s11,42.44
f454,s10,25.22
f454,s9,23.89
f455,s10,85.14
f455,s9,13.48
f455,s12,1.13
f456,s10,70.17
f456,s9,14.62
f456,s11,11.26
f457,s10,77.46
f457,s9,12.78
f457,s11,7.42
f458,s10,85.88
f458,s9,11.89
f458,s12,1.96
f459,s10,85.55
f459,s9,13.58
f459,s12,0.54
f460,s11,62.42
f460,s9,18.55
f460,s10,17.83
f461,s10,48.54
f461,s9,33.37
f461,s12,17.74
f462,s10,86.0
f462,s9,22.12
f462,s14,0.31
f463,s10,68.25
f463,s11,13.17
f463,s9,11.52
f464,s10,46.04
f464,s9,26.05
f464,s11,23.3
f465,s10,54.17
f465,s9,42.58
f465,s12,2.96
f466,s10,93.25
f466,s9,15.66
f466,s14,0.26
f467,s10,85.72
f467,s9,11.65
f467,s12,2.37
f468,s10,85.58
f468,s9,9.54
f468,s12,4.6
f469,s9,52.69
f469,s11,31.95
f469,s10,12.44
f470,s10,79.46
f470,s9,16.42
f470,s12,3.04
f471,s9,56.66
f471,s10,39.09
f471,s12,3.95
f472,s10,72.23
f472,s9,22.37
f472,s12,4.64
f473,s11,53.04
f473,s13,14.46
f473,s9,13.24
f474,s9,43.5
f474,s11,26.63
f474,s10,24.1
f475,s10,37.19
f475,s9,32.66
f475,s11,26.23
f476,s10,76.94
f476,s9,17.29
f476,s12,5.49
f477,s9,80.12
f477,s10,14.79
f477,s12,4.8
f478,s11,54.26
f478,s9,20.86
f478,s10,15.56
f479,s10,85.3
f479,s9,11.61
f479,s12,2.87
f480,s9,49.46
f480,s11,27.34
f480,s10,19.6
f481,s10,70.76
f481,s9,14.14
f481,s11,12.37
f482,s10,53.23
f482,s9,24.04
f482,s11,18.46
f483,s10,68.12
f483,s11,17.25
f483,s9,8.83
f484,s10,73.37
f484,s9,23.13
f484,s12,3.3
f485,s10,72.03
f485,s9,22.07
f485,s12,5.63
f486,s11,58.43
f486,s9,30.25
f486,s12,9.82
f487,s10,75.33
f487,s9,19.18
f487,s12,5.26
f488,s10,60.52
f488,s12,14.44
f488,s9,12.76
f489,s10,82.11
f489,s9,15.47
f489,s12,2.14
f490,s10,61.33
f490,s12,14.59
f490,s11,11.94
f491,s10,66.75
f491,s11,18.44
f491,s9,11.18
f492,s10,77.73
f492,s9,14.25
f492,s12,7.72
f493,s10,47.85
f493,s9,35.24
f493,s12,10.11
f494,s10,76.67
f494,s9,18.18
f494,s12,4.86
f495,s10,66.38
f495,s11,20.67
f495,s9,8.27
f496,s9,61.62
f496,s10,22.73
f496,s12,15.37
f497,s10,75.21
f497,s9,18.77
f497,s12,3.2
f498,s9,68.55
f498,s10,24.58
f498,s12,6.23
f499,s10,70.91
f499,s9,25.77
f499,s12,2.92
f500,s10,76.71
f500,s9,20.85
f500,s12,2.17
f501,s11,52.63
f501,s13,13.67
f501,s9,11.87
f502,s9,66.86
f502,s10,15.45
f502,s11,9.22
f503,s10,57.72
f503,s9,32.71
f503,s11,14.35
f504,s10,84.29
f504,s9,17.37
f504,s14,0.24
f505,s10,76.2
f505,s11,12.09
f505,s9,11.6
f506,s11,33.67
f506,s10,25.13
f506,s9,20.8
f507,s10,85.4
f507,s9,15.39
f507,s14,0.24
f508,s10,72.34
f508,s9,14.68
f508,s11,9.09
f509,s10,81.9
f509,s9,15.57
f509,s12,2.26
f510,s10,75.71
f510,s9,20.96
f510,s12,3.09
f511,s10,85.73
f511,s9,9.05
f511,s12,3.64
f512,s9,89.62
f512,s10,7.91
f512,s12,2.2
f513,s10,67.55
f513,s9,30.04
f513,s12,2.13
f514,s10,83.18
f514,s9,9.61
f514,s12,6.89
f515,s10,55.13
f515,s9,16.35
f515,s12,14.37
f516,s10,80.66
f516,s9,16.44
f516,s12,2.64
f517,s10,58.53
f517,s11,29.69
f517,s9,7.01
f518,s10,64.6
f518,s11,21.65
f518,s9,7.11
f519,s10,72.18
f519,s12,17.76
f519,s9,9.51
f520,s10,50.69
f520,s9,43.15
f520,s12,5.65
f521,s10,76.24
f521,s9,19.98
f521,s12,3.56
f522,s10,73.42
f522,s9,12.55
f522,s11,7.4
f523,s10,68.86
f523,s9,19.96
f523,s11,6.22
f524,s10,65.83
f524,s9,17.94
f524,s12,15.99
f525,s10,49.57
f525,s9,37.85
f525,s12,12.32
f526,s10,71.94
f526,s12,14.52
f526,s9,12.88
f527,s10,79.37
f527,s9,16.47
f527,s12,3.85
f528,s10,71.61
f528,s9,24.67
f528,s12,3.46
f529,s11,41.41
f529,s13,22.94
f529,s10,14.95
f530,s9,97.33
f530,s12,2.36
f530,s14,0.31
f531,s9,96.98
f531,s12,2.9
f531,s14,0.12
f532,s10,77.35
f532,s9,18.09
f532,s12,4.27
f533,s9,97.07
f533,s12,2.85
f533,s14,0.06
f534,s10,87.0
f534,s9,18.72
f534,s14,0.34
f535,s10,70.36
f535,s9,13.17
f535,s11,12.93
f536,s11,43.65
f536,s9,32.26
f536,s12,16.14
f537,s9,65.04
f537,s10,24.91
f537,s12,9.71
f538,s10,85.07
f538,s9,13.5
f538,s12,1.21
f539,s9,96.94
f539,s12,2.78
f539,s14,0.28
f540,s12,83.94
f540,s14,9.82
f540,s9,6.25
f541,s10,59.07
f541,s9,25.87
f541,s11,10.44
f542,s10,67.07
f542,s11,17.63
f542,s9,11.39
f543,s10,77.77
f543,s9,20.98
f543,s12,1.0
f544,s10,68.74
f544,s12,10.47
f544,s11,10.36
f545,s9,47.34
f545,s10,31.24
f545,s12,21.06
f546,s10,74.99
f546,s12,20.64
f546,s9,3.75
f547,s10,79.11
f547,s9,11.03
f547,s12,9.48
f548,s10,64.73
f548,s11,14.78
f548,s12,10.67
f549,s9,58.67
f549,s10,38.19
f549,s12,2.83
f550,s10,49.72
f550,s9,46.02
f550,s12,3.94
f551,s10,67.0
f551,s9,22.44
f551,s11,7.09
f552,s10,76.45
f552,s9,19.82
f552,s12,3.45
f553,s11,59.96
f553,s13,18.92
f553,s9,14.09
f554,s9,56.06
f554,s10,41.08
f554,s12,2.61
f555,s10,77.36
f555,s9,17.26
f555,s12,4.42
f556,s9,64.56
f556,s11,28.87
f556,s10,3.21
f557,s10,74.21
f557,s9,14.24
f557,s11,8.31
f558,s11,44.83
f558,s9,36.69
f558,s10,6.85
f559,s10,75.3
f559,s9,15.08
f559,s12,5.88
f560,s12,95.56
f560,s9,3.95
f560,s10,0.49
f561,s10,84.78
f561,s9,15.06
f561,s14,0.24
f562,s10,63.67
f562,s9,19.26
f562,s11,12.0
f563,s10,75.63
f563,s9,19.36
f563,s12,4.73
f564,s10,78.7
f564,s9,17.22
f564,s12,3.71
f565,s10,81.55
f565,s9,13.97
f565,s12,2.86
f566,s10,55.79
f566,s9,21.28
f566,s11,13.77
f567,s9,65.11
f567,s10,16.35
f567,s11,12.94
f568,s10,81.75
f568,s9,10.54
f568,s12,7.56
f569,s10,45.11
f569,s9,33.75
f569,s11,16.39
f570,s10,85.3
f570,s9,5.92
f570,s11,4.31
f571,s10,80.77
f571,s9,20.07
f571,s14,0.32
f572,s10,84.77
f572,s9,15.5
f572,s14,0.22
f573,s10,72.16
f573,s9,23.91
f573,s12,3.62
f574,s10,83.55
f574,s9,13.73
f574,s12,2.43
f575,s10,71.16
f575,s11,14.25
f575,s9,11.7
f576,s10,70.56
f576,s9,18.94
f576,s12,5.32
f577,s9,82.41
f577,s10,14.43
f577,s12,2.86
f578,s10,78.2
f578,s9,15.22
f578,s12,6.41
f579,s10,79.89
f579,s9,14.64
f579,s12,5.15
f580,s10,79.32
f580,s9,14.58
f580,s12,5.84
f581,s11,62.27
f581,s9,18.37
f581,s12,13.56
f582,s9,59.75
f582,s10,32.35
f582,s12,4.36
f583,s10,79.3
f583,s9,17.19
f583,s12,3.19
f584,s10,86.12
f584,s9,16.19
f584,s14,0.26
f585,s10,70.32
f585,s11,15.5
f585,s9,8.49
f586,s9,48.4
f586,s11,27.3
f586,s12,13.98
f587,s9,55.07
f587,s10,30.28
f587,s11,10.99
f588,s10,86.38
f588,s9,14.03
f588,s14,0.25
f589,s10,74.32
f589,s9,11.6
f589,s11,7.22
f590,s10,67.52
f590,s11,14.13
f590,s12,9.87
