fund_id,fund_name,Expense_ratio_fraction,fund_ytd,fund_1y,fund_3y,fund_5y,fund_mean,fund_std_dev,fund_Sharpe,fund_Sortino,fund_Beta,fund_Alpha
f1,360 ONE Focused Dir,0.008100000000000001,2.36,-5.78,16.86,21.79,15.85,12.29,0.78,1.28,0.87,2.47
f2,ABSL Bal Bhavishya Yojna Dir,0.0097,2.71,-2.53,14.36,15.16,13.49,13.01,0.55,0.83,0.94,-0.43
f3,ABSL BSE Sensex ETF,0.0004,4.32,-0.69,12.16,17.34,11.66,11.72,0.45,0.8,0.92,-1.17
f4,ABSL Consumption Dir,0.0077,6.3,-0.39,16.63,22.07,15.66,13.18,0.71,1.02,0.77,0.45
f5,ABSL Digital India Dir,0.0086,-10.23,-10.01,14.79,21.51,14.64,16.82,0.49,0.88,0.85,5.41
f6,ABSL Dividend Yield Dir,0.0143,-3.08,-9.52,20.23,22.7,19.23,14.5,0.89,1.42,1.0,4.84
f7,ABSL ELSS Tax Saver Dir,0.0097,6.61,-0.27,14.45,14.77,13.66,12.73,0.58,0.94,0.93,-0.2
f8,ABSL Flexi Cap Dir,0.0086,4.62,-0.08,17.46,20.84,16.67,12.83,0.81,1.4,0.95,2.69
f9,ABSL Focused Dir,0.0088,3.45,-0.75,15.98,19.67,15.11,12.5,0.7,1.39,0.91,1.4
f10,ABSL Infrastructure Dir,0.014199999999999999,0.06,-5.61,23.71,29.35,22.75,16.41,1.0,1.36,0.57,5.22
f11,ABSL Large Cap Dir,0.0098,4.71,-0.99,15.47,20.01,14.78,12.12,0.7,1.18,0.96,1.69
f12,ABSL Large & Mid Cap Dir,0.0116,1.43,-4.39,14.13,18.43,13.69,14.09,0.52,0.73,1.01,-0.3
f13,ABSL Manufacturing Equity Dir,0.013600000000000001,0.68,-2.87,18.65,19.35,17.48,15.63,0.71,1.1,1.09,2.32
f14,ABSL Mid Cap Dir,0.0103,1.21,-3.55,18.82,25.15,18.24,15.58,0.76,1.26,0.94,-1.6
f15,ABSL MNC Dir,0.0129,2.64,-3.07,12.8,13.01,12.69,13.93,0.46,0.76,0.88,-0.75
f16,ABSL Nifty 50 ETF,0.0004,5.76,-0.41,13.11,18.23,12.49,12.12,0.51,0.91,0.96,-0.61
f17,ABSL Nifty 50 Index Dir,0.002,5.61,-0.6,12.85,17.84,12.26,12.11,0.49,0.88,0.96,-0.84
f18,ABSL Nifty Next 50 ETF,0.0009,-0.67,-10.34,16.17,20.67,15.88,17.96,0.53,0.81,1.28,0.47
f19,ABSL Pharma & Healthcare Dir,0.0103,-1.92,-1.47,24.26,18.28,22.56,15.94,1.02,1.71,0.96,-0.16
f20,ABSL PSU Equity Dir,0.005699999999999999,1.35,-11.58,28.23,31.32,26.77,21.8,0.94,1.78,0.95,-1.33
f21,ABSL Retirement 30s Dir,0.0116,4.83,2.04,16.09,16.12,15.3,13.4,0.67,1.04,0.95,1.28
f22,ABSL Small Cap Dir,0.009000000000000001,-3.72,-6.66,18.22,24.78,17.81,17.57,0.65,1.0,0.9,-1.76
f23,ABSL Value Dir,0.0102,-4.56,-10.13,19.1,22.74,18.5,16.17,0.75,1.21,1.12,3.11
f24,Axis ELSS Tax Saver Dir,0.008100000000000001,3.74,-0.1,12.51,16.27,12.22,13.06,0.45,0.77,0.88,-1.21
f25,Axis ESG Integration Strategy Dir,0.0134,-0.22,-4.6,13.43,15.71,12.63,12.43,0.51,0.77,0.88,0.06
f26,Axis Flexi Cap Dir,0.0072,2.78,1.48,14.59,18.15,13.88,13.24,0.57,0.81,0.93,0.02
f27,Axis Focused Dir,0.0084,4.18,0.08,10.23,14.41,9.98,13.69,0.27,0.44,0.92,-3.77
f28,Axis Large Cap Dir,0.0070999999999999995,4.24,-0.66,11.75,15.53,11.26,11.67,0.42,0.67,0.89,-1.38
f29,Axis Large & Mid Cap Dir,0.0060999999999999995,2.42,0.87,17.88,22.82,16.84,12.57,0.84,1.21,0.84,4.17
f30,Axis Midcap Dir,0.005600000000000001,1.47,-0.3,18.92,23.51,18.12,14.27,0.83,1.14,0.83,-0.13
f31,Axis Nifty 100 Index Dir,0.0021,4.47,-2.39,12.98,18.16,12.43,12.84,0.48,0.79,1.02,-1.09
f32,Axis Nifty 50 ETF,0.0004,5.75,-0.42,13.11,18.2,12.49,12.11,0.51,0.91,0.96,-0.61
f33,Axis Small Cap Dir,0.005699999999999999,-0.42,-0.31,20.06,28.45,18.96,14.17,0.89,1.21,0.72,2.04
f34,Bandhan BSE Sensex ETF,0.0038,4.08,-0.99,11.81,16.86,11.34,11.7,0.43,0.76,0.92,-1.47
f35,Bandhan ELSS Tax Saver Dir,0.006500000000000001,2.72,-4.08,16.14,24.29,15.4,11.72,0.77,1.19,0.85,2.19
f36,Bandhan Flexi Cap Dir,0.011399999999999999,5.56,-0.79,15.12,19.56,14.49,11.65,0.7,1.12,0.84,1.42
f37,Bandhan Focused Dir,0.008,-3.09,1.93,18.53,18.75,17.42,14.09,0.79,1.12,0.9,3.8
f38,Bandhan Infrastructure Dir,0.0085,-4.14,-10.59,27.39,33.84,25.97,19.5,1.01,1.41,0.69,6.21
f39,Bandhan Large Cap Dir,0.0087,3.94,-0.7,16.77,19.38,15.82,12.98,0.73,1.17,1.0,2.44
f40,Bandhan Large & Mid Cap Dir,0.005699999999999999,3.22,-1.84,24.66,26.86,22.71,13.49,1.21,1.77,0.97,9.07
f41,Bandhan Nifty 50 ETF,0.0009,5.73,-0.44,13.08,18.03,12.46,12.11,0.51,0.91,0.95,-0.63
f42,Bandhan Nifty 50 Index Dir,0.001,5.69,-0.55,12.93,18.04,12.33,12.11,0.5,0.89,0.96,-0.76
f43,Bandhan Small Cap Dir,0.0040999999999999995,-1.14,-2.56,30.03,32.7,27.94,17.97,1.2,1.96,0.92,8.19
f44,Bandhan Value Dir,0.0069,0.39,-5.81,17.96,28.25,17.03,11.98,0.89,1.42,0.86,3.79
f45,Bank of India ELSS Tax Saver Fund Dir,0.0077,-5.36,-9.09,17.47,22.7,17.42,16.36,0.68,0.99,1.12,2.08
f46,Bank of India Flexi Cap Dir,0.0054,-2.71,-5.97,22.01,27.13,20.95,17.13,0.85,1.28,1.15,5.37
f47,Bank of India Large & Mid Cap Dir,0.0095,0.64,-6.79,16.16,21.28,15.81,14.42,0.66,0.99,1.04,1.59
f48,Bank of India Manufacturing & Infra Dir,0.0073,3.22,-4.25,24.79,29.46,23.29,16.19,1.05,1.37,0.55,6.25
f49,Bank of India Small Cap Dir,0.0075,-5.07,-6.57,21.19,30.42,20.53,17.76,0.8,1.05,0.89,1.2
f50,Baroda BNP Paribas ELSS Tax Saver Dir,0.0101,0.17,0.35,18.68,20.83,17.66,13.4,0.85,1.22,0.95,3.69
f51,Baroda BNP Paribas Focused Dir,0.0048,-1.66,-5.68,14.19,18.86,14.16,15.05,0.52,0.71,1.05,-0.65
f52,Baroda BNP Paribas India Consumption Dir,0.0064,3.82,-0.74,17.95,21.85,16.64,13.37,0.77,1.0,0.79,1.26
f53,Baroda BNP Paribas Large Cap Dir,0.0076,0.83,-4.57,16.54,19.69,15.88,12.67,0.75,1.16,0.98,2.59
f54,Baroda BNP Paribas Midcap Dir,0.005600000000000001,-1.1,-3.16,20.18,26.14,19.36,13.58,0.96,1.33,0.84,1.04
f55,BHARAT 22 ETF,0.0007000000000000001,-0.54,-8.63,25.8,32.18,24.41,17.21,1.05,1.74,1.15,9.91
f56,Canara Robeco Consumer Trends Dir,0.008,4.65,-1.53,17.33,23.16,16.27,12.75,0.78,1.23,0.74,1.37
f57,Canara Robeco ELSS Tax Saver Dir,0.0055000000000000005,2.8,-1.95,15.31,21.37,14.68,12.52,0.67,1.02,0.92,0.94
f58,Canara Robeco Flexi Cap Dir,0.0054,5.56,1.73,16.34,20.4,15.5,12.28,0.75,1.14,0.9,1.89
f59,Canara Robeco Infrastructure Dir,0.01,2.01,-1.15,24.78,32.63,23.82,17.48,1.0,1.5,0.58,6.23
f60,Canara Robeco Large and Mid Cap Dir,0.005600000000000001,2.93,2.3,17.69,22.52,16.6,13.63,0.75,1.05,0.98,2.88
f61,Canara Robeco Large Cap Dir,0.004699999999999999,4.4,1.15,16.17,19.53,15.2,11.56,0.77,1.24,0.91,2.43
f62,Canara Robeco Small Cap Dir,0.004699999999999999,-4.03,-6.71,16.73,29.77,16.5,15.53,0.65,0.88,0.8,-1.51
f63,CPSE ETF,0.0007000000000000001,4.69,-10.21,34.2,37.49,31.23,21.69,1.15,1.87,0.91,4.05
f64,DSP ELSS Tax Saver Dir,0.0069,1.38,-3.63,19.52,24.04,18.47,13.35,0.91,1.87,0.97,4.35
f65,DSP Flexi Cap Dir,0.0067,1.57,-3.54,17.19,20.98,16.48,13.14,0.77,1.41,0.93,2.66
f66,DSP Focused Dir,0.009399999999999999,2.51,-3.26,17.53,19.34,16.57,13.49,0.76,1.41,0.91,2.9
f67,DSP India T.I.G.E.R. Dir,0.0074,-2.52,-7.28,26.83,33.34,25.09,17.83,1.05,1.47,0.6,7.03
f68,DSP Large Cap Dir,0.0088,4.14,-0.22,18.06,19.49,16.84,11.44,0.92,1.82,0.87,4.36
f69,DSP Large & Mid Cap Dir,0.0063,1.02,-4.57,20.08,23.22,19.04,13.64,0.93,1.65,0.98,5.26
f70,DSP Midcap Dir,0.006999999999999999,0.36,-2.98,18.95,20.43,18.51,16.22,0.75,1.15,0.98,-1.9
f71,DSP Nifty 50 Equal Weight Index Dir,0.0039000000000000003,8.65,-1.48,16.74,22.61,15.62,13.25,0.7,1.07,1.02,2.09
f72,DSP Nifty 50 Index Dir,0.0017000000000000001,5.64,-0.57,12.9,17.96,12.3,12.12,0.49,0.89,0.96,-0.8
f73,DSP Nifty Next 50 Index Dir,0.0025,-0.7,-10.69,15.9,20.36,15.65,17.97,0.52,0.79,1.28,0.23
f74,DSP Quant Dir,0.0055000000000000005,2.67,-4.23,10.67,15.12,10.28,12.17,0.33,0.56,0.85,-2.9
f75,DSP Small Cap Dir,0.0077,-2.02,-2.53,20.93,28.46,21.03,18.71,0.79,1.24,0.95,0.86
f76,Edelweiss ELSS Tax Saver Dir,0.006999999999999999,1.04,-2.27,16.8,20.87,16.05,13.32,0.73,1.06,0.97,1.89
f77,Edelweiss Flexi Cap Dir,0.0042,0.86,-1.83,19.32,23.61,18.21,13.57,0.88,1.34,0.98,3.94
f78,Edelweiss Large Cap Dir,0.0060999999999999995,3.01,-2.65,16.39,19.84,15.52,12.17,0.76,1.21,0.96,2.41
f79,Edelweiss Large & Mid Cap Dir,0.0044,-0.4,-1.74,18.2,23.44,17.32,13.75,0.8,1.11,0.99,3.51
f80,Edelweiss Mid Cap Dir,0.0038,0.27,1.63,25.09,30.9,23.55,15.6,1.1,1.47,0.94,3.68
f81,Edelweiss Recently Listed IPO Dir,0.0097,-3.58,0.7,16.44,21.52,16.34,17.37,0.58,0.75,0.96,2.27
f82,Edelweiss Small Cap Dir,0.0043,-1.97,-2.91,21.43,31.25,20.49,15.92,0.89,1.24,0.82,2.14
f83,Franklin Build India Dir,0.0095,1.79,-2.84,28.05,33.35,25.9,15.81,1.24,2.07,0.57,8.46
f84,Franklin India Dividend Yield Dir,0.0124,-1.86,-9.27,17.54,25.23,16.5,12.9,0.79,1.37,0.83,3.45
f85,Franklin India ELSS Tax Saver Dir,0.0102,-0.32,-2.67,19.0,24.16,18.11,12.81,0.92,1.4,0.94,4.23
f86,Franklin India Flexi Cap Dir,0.0089,0.45,-2.12,18.82,24.5,17.92,12.65,0.92,1.41,0.92,4.13
f87,Franklin India Focused Equity Dir,0.0095,3.2,-1.41,17.02,24.69,16.28,12.0,0.83,1.26,0.85,3.08
f88,Franklin India Large Cap Dir,0.0108,4.62,0.43,14.7,19.79,14.01,12.02,0.64,0.99,0.94,1.05
f89,Franklin India Large & Mid Cap Dir,0.0128,5.66,1.31,16.66,22.59,16.07,13.25,0.74,1.11,0.96,2.45
f90,Franklin India Mid Cap Dir,0.0095,-1.01,-2.16,22.38,25.24,21.22,14.62,1.02,1.44,0.9,2.03
f91,Franklin India NSE Nifty 50 Index Dir,0.0025,5.6,-0.48,12.82,17.81,12.22,12.03,0.49,0.87,0.95,-0.83
f92,Franklin India Opportunities Dir,0.0052,2.72,1.14,29.9,30.09,27.29,15.5,1.35,1.88,1.0,12.86
f93,Franklin India Small Cap Dir,0.009000000000000001,-5.85,-9.45,23.06,30.51,22.33,16.59,0.96,1.27,0.83,3.79
f94,Franklin India Technology Dir,0.0105,-5.88,-5.89,23.21,21.4,21.7,16.79,0.92,1.65,0.77,12.73
f95,Groww ELSS Tax Saver Dir,0.0085,-0.61,-3.12,15.9,18.67,15.17,13.87,0.64,0.89,0.98,0.92
f96,Groww Large Cap Dir,0.0126,4.55,-1.25,15.03,17.61,14.27,12.75,0.62,1.06,0.99,0.96
f97,Groww Value Dir,0.009000000000000001,6.05,1.1,17.65,20.64,16.6,13.19,0.78,1.48,0.95,2.6
f98,HDFC BSE Sensex ETF,0.0005,4.33,-0.67,12.18,17.36,11.68,11.73,0.46,0.8,0.92,-1.15
f99,HDFC BSE Sensex Index Dir,0.002,4.2,-0.86,11.96,17.13,11.48,11.73,0.44,0.77,0.92,-1.36
f100,HDFC ELSS Tax Saver Dir,0.0109,7.19,3.09,22.06,25.56,20.47,11.49,1.23,2.13,0.84,7.4
f101,HDFC Flexi Cap Dir,0.006999999999999999,7.75,5.61,22.85,28.73,20.99,11.23,1.31,2.45,0.81,8.13
f102,HDFC Focused Dir,0.005699999999999999,8.39,6.94,23.52,29.41,21.58,10.0,1.53,2.51,0.72,9.43
f103,HDFC Housing Opportunities Dir,0.0125,-0.17,-7.59,19.88,24.2,19.28,15.68,0.83,1.31,1.08,4.23
f104,HDFC Infrastructure Dir,0.0109,1.9,-4.26,28.12,33.53,26.11,16.23,1.22,1.95,0.58,8.44
f105,HDFC Large and Mid Cap Dir,0.0085,2.44,-3.07,20.4,26.17,19.35,14.05,0.93,1.42,1.04,5.17
f106,HDFC Large Cap Dir,0.009899999999999999,3.68,-2.84,16.44,21.58,15.43,12.25,0.74,1.26,0.95,2.36
f107,HDFC Mid Cap Dir,0.0070999999999999995,1.22,0.66,25.43,29.56,23.79,13.85,1.26,1.83,0.85,5.21
f108,HDFC NIFTY 50 ETF,0.0005,5.75,-0.42,13.1,18.22,12.48,12.12,0.51,0.91,0.96,-0.62
f109,HDFC NIFTY 50 Index Dir,0.002,5.61,-0.61,12.88,17.98,12.28,12.11,0.49,0.88,0.96,-0.81
f110,HDFC Retirement Savings Equity Dir,0.0074,2.22,-2.2,19.28,25.55,18.15,11.09,1.07,1.62,0.81,5.29
f111,HDFC Small Cap Dir,0.0069,2.21,-0.73,24.0,31.49,22.58,15.3,1.06,1.53,0.78,4.78
f112,HDFC Value Dir,0.0101,3.03,-2.28,19.51,23.4,18.57,13.24,0.92,1.74,0.97,4.42
f113,HSBC Business Cycles Dir,0.010700000000000001,-0.82,-1.54,21.14,25.92,20.24,16.8,0.83,1.18,1.11,4.97
f114,HSBC ELSS Tax Saver Dir,0.0116,-0.99,-1.05,19.92,21.48,18.53,14.16,0.86,1.11,0.97,4.34
f115,HSBC Flexi Cap Dir,0.0118,-0.6,-1.79,19.97,21.63,18.78,14.24,0.87,1.15,1.01,4.3
f116,HSBC Focused Dir,0.009899999999999999,-1.51,-1.17,16.66,18.57,15.99,14.33,0.67,0.9,0.98,1.79
f117,HSBC Infrastructure Dir,0.0106,-4.62,-9.34,22.78,29.82,22.14,18.16,0.87,1.22,0.6,4.08
f118,HSBC Large and Mid Cap Dir,0.008199999999999999,-4.16,-0.76,20.91,22.21,19.81,15.72,0.86,0.92,0.96,6.18
f119,HSBC Large Cap Dir,0.0127,0.24,-3.45,14.66,18.5,14.06,12.5,0.62,0.93,0.95,0.98
f120,HSBC Midcap Dir,0.006500000000000001,-3.44,0.26,24.31,25.3,22.93,16.9,0.98,1.1,0.99,2.43
f121,HSBC Nifty 50 Index Dir,0.0018,5.6,-0.62,12.86,17.95,12.27,12.09,0.49,0.88,0.95,-0.82
f122,HSBC Nifty Next 50 Index Dir,0.0034000000000000002,-0.97,-10.88,15.59,20.07,15.38,17.96,0.5,0.77,1.28,-0.04
f123,HSBC Small Cap Dir,0.006500000000000001,-8.99,-8.54,20.37,31.22,19.98,18.2,0.75,0.96,0.93,0.08
f124,HSBC Tax Saver Eqt Dir,0.018000000000000002,-0.28,3.5,19.63,23.14,18.45,14.22,0.85,1.12,0.97,4.32
f125,HSBC Value Dir,0.0076,1.8,-1.11,24.23,26.99,22.61,14.41,1.13,1.6,1.01,8.16
f126,ICICI Pru Banking & Financial Services Dir,0.0101,10.0,6.66,15.6,21.27,15.01,11.21,0.77,1.85,0.78,4.92
f127,ICICI Pru Bharat 22 FOF Dir,0.0012,-0.43,-8.82,25.56,31.57,24.12,17.06,1.04,1.74,1.14,9.74
f128,ICICI Pru Bharat Consumption Dir,0.010700000000000001,6.67,-0.71,18.6,21.54,17.26,12.36,0.88,1.09,0.71,2.78
f129,ICICI Pru BSE 500 ETF,0.0032,2.61,-3.61,14.71,20.27,14.07,13.37,0.58,0.9,1.0,-0.32
f130,ICICI Pru BSE Midcap Select ETF,0.0015,-5.8,-7.89,17.79,21.96,17.33,16.73,0.66,0.91,1.01,-3.43
f131,ICICI Pru BSE Sensex ETF,0.0002,4.35,-0.64,12.21,17.38,11.71,11.73,0.46,0.81,0.92,-1.13
f132,ICICI Pru BSE Sensex Index Dir,0.002,4.2,-0.85,11.95,17.07,11.46,11.73,0.44,0.77,0.92,-1.37
f133,ICICI Pru Commodities Dir,0.009899999999999999,12.11,3.76,20.88,32.64,19.35,15.05,0.86,1.4,0.98,5.14
f134,ICICI Pru Dividend Yield Equity Dir,0.005699999999999999,7.64,0.45,24.85,30.06,22.67,12.34,1.32,2.17,0.86,9.39
f135,ICICI Pru ELSS Tax Saver Dir,0.0109,7.3,0.02,16.79,21.49,15.92,12.11,0.79,1.55,0.86,2.61
f136,ICICI Pru Exports & Services Dir,0.0169,5.16,-0.61,20.73,24.23,19.36,11.25,1.16,2.48,0.8,6.57
f137,ICICI Pru FMCG Dir,0.0126,3.34,-8.09,10.16,16.01,10.0,11.91,0.31,0.36,0.67,-1.75
f138,ICICI Pru Focused Equity Dir,0.0059,9.59,3.91,23.47,25.88,21.53,13.02,1.17,2.05,0.93,7.7
f139,ICICI Pru India Equity FOF Dir,0.0063,4.25,-0.02,21.14,26.27,19.57,11.94,1.11,1.89,0.87,6.23
f140,ICICI Pru India Opportunities Dir,0.0063,5.99,0.26,23.46,31.02,21.68,11.66,1.32,2.62,0.82,8.74
f141,ICICI Pru Infrastructure Dir,0.011399999999999999,4.06,-2.67,28.47,35.42,26.12,14.86,1.33,2.39,0.54,9.21
f142,ICICI Pru Large Cap Dir,0.0086,6.33,0.68,18.47,22.08,17.3,11.74,0.93,1.65,0.91,4.52
f143,ICICI Pru Large & Mid Cap Dir,0.0077,9.2,0.8,21.78,27.3,20.24,11.91,1.17,1.84,0.86,7.37
f144,ICICI Pru Manufacturing Dir,0.0073,8.19,-0.44,26.19,29.17,23.97,16.26,1.09,1.58,1.13,8.55
f145,ICICI Pru Midcap Dir,0.0105,4.25,0.6,21.91,27.13,20.83,16.16,0.9,1.34,0.97,0.53
f146,ICICI Pru MNC Dir,0.0105,2.23,-4.74,14.95,21.83,14.38,11.63,0.69,0.83,0.78,1.79
f147,ICICI Pru Nifty 100 ETF,0.0048,4.25,-2.67,12.7,17.95,12.18,12.86,0.46,0.76,1.02,-1.35
f148,ICICI Pru Nifty 100 Low Volatility 30 ETF,0.0040999999999999995,7.54,-0.73,16.62,19.1,15.61,12.79,0.73,1.03,0.94,2.59
f149,ICICI Pru Nifty 50 ETF,0.0002,5.77,-0.39,13.13,18.24,12.51,12.12,0.51,0.91,0.96,-0.59
f150,ICICI Pru Nifty 50 Index Dir,0.0019,5.59,-0.62,12.86,17.96,12.27,12.11,0.49,0.88,0.95,-0.83
f151,ICICI Pru Nifty50 Value 20 ETF,0.0025,-5.13,-10.45,14.18,20.0,13.78,13.02,0.57,0.83,0.85,0.55
f152,ICICI Pru Nifty Alpha Low Volatility 30 ETF,0.0040999999999999995,-2.77,-12.57,16.38,18.34,15.94,14.88,0.65,0.94,1.05,1.64
f153,ICICI Pru Nifty Midcap 150 ETF,0.0015,0.54,-3.25,21.56,27.27,20.41,15.79,0.89,1.34,0.99,-0.17
f154,ICICI Pru Nifty Next 50 ETF,0.001,-0.61,-10.37,16.14,20.73,15.86,17.97,0.53,0.81,1.28,0.44
f155,ICICI Pru Nifty Next 50 Index Dir,0.0031,-0.85,-10.88,15.74,20.21,15.51,17.98,0.51,0.78,1.28,0.09
f156,ICICI Pru Passive Strategy (FOF) Dir,0.0015,3.96,-0.28,17.67,20.86,16.53,11.58,0.88,1.52,0.84,3.44
f157,ICICI Pru Pharma Healthcare and Diagnostics Dir,0.0104,0.16,4.33,29.35,22.59,26.83,15.52,1.32,1.88,0.94,4.42
f158,ICICI Pru Retirement Pure Equity Dir,0.0070999999999999995,8.79,5.28,24.49,29.05,22.18,14.73,1.08,1.68,1.04,7.43
f159,ICICI Pru Smallcap Dir,0.0073,3.01,-3.84,19.05,30.03,18.54,14.98,0.82,1.19,0.75,1.18
f160,ICICI Pru Technology Dir,0.0096,-8.32,-7.67,15.04,22.81,15.11,16.55,0.53,0.91,0.83,5.92
f161,ICICI Pru Thematic Advantage (FOF) Dir,0.003,6.12,4.92,20.9,25.83,19.32,10.32,1.26,2.5,0.73,7.07
f162,ICICI Pru Value Dir,0.009899999999999999,7.04,0.53,21.96,26.56,20.27,11.41,1.22,2.21,0.8,7.51
f163,Invesco India Contra Dir,0.0053,1.03,-1.15,20.68,23.58,19.34,13.62,0.96,1.46,0.98,5.1
f164,Invesco India ELSS Tax Saver Dir,0.0078000000000000005,-0.94,-1.32,18.22,20.5,17.06,14.01,0.77,1.01,0.99,2.71
f165,Invesco India Infrastructure Dir,0.0084,-1.74,-5.34,26.35,30.91,25.21,19.29,0.98,1.25,0.65,6.11
f166,Invesco India Largecap Dir,0.0070999999999999995,3.91,0.36,17.79,20.75,16.69,13.73,0.75,1.16,1.05,2.93
f167,Invesco India Large & Mid Cap Dir,0.0064,6.59,8.52,26.2,25.82,23.67,14.79,1.17,1.52,1.02,9.64
f168,Invesco India Mid cap Dir,0.005600000000000001,5.38,9.96,28.5,29.8,26.1,16.04,1.23,1.6,0.95,6.13
f169,Invesco India Nifty 50 ETF,0.001,5.7,-0.48,13.03,18.15,12.42,12.11,0.5,0.9,0.96,-0.68
f170,Invesco India PSU Equity Dir,0.009000000000000001,2.42,-9.11,29.93,29.42,28.4,22.47,0.98,1.71,0.96,0.11
f171,Invesco India Smallcap Dir,0.004,-2.37,0.28,26.46,31.9,24.47,16.16,1.12,1.36,0.8,6.36
f172,ITI ELSS Tax Saver Dir,0.0031,0.98,-3.49,21.71,21.47,20.29,15.47,0.9,1.24,1.08,5.27
f173,ITI Small Cap Dir,0.0022,-2.7,-2.0,27.39,26.62,25.49,16.6,1.15,1.42,0.83,6.98
f174,JM ELSS Tax Saver Dir,0.0105,0.33,-4.96,20.9,24.09,19.6,14.36,0.92,1.38,0.99,5.3
f175,JM Flexicap Dir,0.0055000000000000005,-5.92,-9.34,23.09,26.45,21.69,15.0,1.02,1.47,1.02,7.13
f176,JM Focused Dir,0.0074,-2.82,-5.66,19.85,20.84,18.64,14.08,0.87,1.3,0.95,4.65
f177,JM Large Cap Dir,0.008100000000000001,0.41,-7.18,16.51,18.03,15.74,13.24,0.71,1.21,0.98,2.45
f178,JM Value Dir,0.0097,-3.56,-11.94,24.71,26.64,23.0,16.19,1.03,1.64,1.05,8.17
f179,Kotak BSE Sensex ETF,0.0018,4.24,-0.81,11.95,17.12,11.47,11.72,0.44,0.77,0.92,-1.36
f180,Kotak Contra Dir,0.005699999999999999,2.92,-2.82,22.01,25.22,20.57,13.6,1.05,1.65,0.99,6.24
f181,Kotak ELSS Tax Saver Dir,0.0062,-0.2,-3.37,16.81,22.58,15.98,12.91,0.75,1.03,0.92,2.25
f182,Kotak Flexicap Dir,0.0059,5.61,1.2,16.88,20.3,16.03,12.92,0.75,1.27,0.93,2.16
f183,Kotak Focused Dir,0.0055000000000000005,6.87,1.24,16.71,21.72,16.01,12.25,0.79,1.18,0.89,2.48
f184,Kotak Infrastructure and Economic Reform Dir,0.0066,-4.12,-8.4,22.47,31.49,21.84,18.05,0.86,0.98,0.56,4.61
f185,Kotak Large Cap Dir,0.0060999999999999995,4.32,-0.34,15.77,20.09,14.95,12.14,0.71,1.1,0.95,1.87
f186,Kotak Large & Midcap Dir,0.0053,1.58,-1.56,19.22,23.61,18.17,13.01,0.91,1.32,0.93,4.82
f187,Kotak Midcap Dir,0.0037,1.89,1.74,21.84,28.93,21.03,15.12,0.97,1.23,0.89,1.87
f188,Kotak Nifty 50 ETF,0.0004,5.75,-0.42,13.05,18.15,12.43,12.11,0.5,0.9,0.96,-0.66
f189,Kotak Nifty 50 Value 20 ETF,0.0014000000000000002,-5.07,-10.37,14.33,20.11,13.92,13.03,0.58,0.84,0.86,0.68
f190,Kotak Pioneer Dir,0.0049,8.46,7.87,23.79,25.41,21.54,13.4,1.13,1.39,0.87,8.22
f191,Kotak Small Cap Dir,0.0052,-4.16,-6.27,17.13,29.36,16.87,16.61,0.63,0.92,0.83,-1.61
f192,LIC MF Banking & Financial Services Dir,0.0118,7.39,2.91,11.53,17.81,11.74,13.28,0.41,1.05,0.93,0.93
f193,LIC MF BSE Sensex ETF,0.0011,4.31,-0.75,12.12,17.3,11.62,11.72,0.45,0.8,0.92,-1.21
f194,LIC MF BSE Sensex Index Dir,0.0079,4.01,-1.09,11.8,16.9,11.33,11.7,0.43,0.76,0.92,-1.48
f195,LIC MF Children's Dir,0.0163,-6.32,-6.72,11.24,13.85,10.87,13.26,0.34,0.41,0.9,-2.71
f196,LIC MF Dividend Yield Dir,0.0075,1.56,-3.8,21.75,22.99,20.24,15.21,0.91,1.47,1.08,5.23
f197,LIC MF ELSS Tax Saver Dir,0.0098,-0.11,-1.63,15.83,19.89,15.03,12.54,0.69,1.01,0.86,1.73
f198,LIC MF Flexi Cap Dir,0.013600000000000001,-0.69,-4.63,14.07,18.32,13.43,14.01,0.51,0.63,0.96,-0.67
f199,LIC MF Focused Dir,0.0158,5.05,-3.4,12.98,17.52,12.32,13.51,0.44,0.65,0.94,-1.61
f200,LIC MF Infrastructure Dir,0.0083,-4.24,-5.49,27.67,32.36,26.24,20.17,0.99,1.37,0.65,7.28
f201,LIC MF Large Cap Dir,0.0103,3.28,-2.38,12.71,17.41,12.37,12.88,0.47,0.72,1.01,-1.08
f202,LIC MF Large & Mid Cap Dir,0.0059,-1.42,-4.49,16.62,21.68,16.15,14.91,0.66,1.0,1.01,2.18
f203,LIC MF Midcap Dir,0.0144,-2.33,-5.41,19.29,22.96,18.64,16.45,0.75,1.08,1.0,-2.08
f204,LIC MF Nifty 100 ETF,0.0028000000000000004,4.41,-2.45,12.9,18.15,12.36,12.85,0.47,0.78,1.02,-1.17
f205,LIC MF Nifty 50 ETF,0.0006,5.75,-0.43,13.04,18.15,12.43,12.12,0.5,0.9,0.96,-0.67
f206,LIC MF Nifty 50 Index Dir,0.0064,5.58,-0.65,12.8,17.78,12.22,12.12,0.49,0.87,0.96,-0.88
f207,LIC MF Nifty Next 50 Index Dir,0.0038,-0.74,-10.52,15.82,20.16,15.57,17.88,0.52,0.78,1.28,0.2
f208,LIC MF Small Cap Dir,0.0103,-10.02,-9.34,17.95,29.2,17.87,18.32,0.63,0.76,0.91,-1.74
f209,Mahindra Manulife Consumption Dir,0.006500000000000001,4.56,-2.4,18.15,21.82,16.95,13.47,0.79,0.95,0.8,1.38
f210,Mahindra Manulife ELSS Tax Saver Dir,0.0062,5.74,-0.69,15.86,22.49,15.04,12.21,0.71,1.11,0.89,1.5
f211,Mahindra Manulife Large Cap Dir,0.006500000000000001,5.62,-2.11,15.22,20.41,14.64,12.48,0.67,1.1,0.97,1.44
f212,Mahindra Manulife Large & Mid Cap Dir,0.0048,-0.02,-5.06,16.96,23.94,16.26,13.95,0.71,1.08,0.98,2.53
f213,Mahindra Manulife Mid Cap Dir,0.004699999999999999,-1.99,-5.7,23.38,28.71,22.16,15.5,1.02,1.47,0.96,1.97
f214,Mirae Asset ELSS Tax Saver Dir,0.0059,4.74,-0.22,17.28,22.23,16.24,12.96,0.76,1.2,0.95,2.22
f215,Mirae Asset Focused Dir,0.0059,2.49,1.34,12.5,18.31,12.11,12.1,0.48,0.73,0.83,-0.88
f216,Mirae Asset Great Consumer Dir,0.0043,7.22,-0.45,19.87,23.88,18.54,14.46,0.84,1.08,0.85,2.41
f217,Mirae Asset Healthcare Dir,0.0049,-1.42,0.77,23.47,20.65,21.95,16.38,0.95,1.5,1.0,-1.4
f218,Mirae Asset Large Cap Dir,0.0055000000000000005,5.72,0.31,13.7,17.98,13.07,11.59,0.58,0.95,0.91,0.33
f219,Mirae Asset Large & Midcap Dir,0.006,3.68,-2.53,16.61,21.99,15.69,13.71,0.68,1.0,1.01,1.71
f220,Mirae Asset Midcap Dir,0.0058,4.29,-1.63,19.98,27.73,18.73,15.87,0.78,1.11,0.98,-1.7
f221,Mirae Asset Nifty 50 ETF,0.0004,5.75,-0.41,13.1,18.23,12.48,12.12,0.51,0.91,0.96,-0.62
f222,Mirae Asset Nifty Next 50 ETF,0.0005,-0.64,-10.37,16.02,20.34,15.76,17.97,0.52,0.8,1.28,0.35
f223,Motilal Oswal ELSS Tax Saver Dir,0.006500000000000001,-8.0,-2.27,25.7,26.49,24.08,19.0,0.93,1.03,1.18,8.22
f224,Motilal Oswal Flexi Cap Dir,0.0086,-1.85,4.45,23.4,20.8,22.03,15.66,1.0,1.28,0.95,8.05
f225,Motilal Oswal Focused Dir,0.0101,-5.8,-17.42,8.86,14.11,9.58,17.59,0.18,0.25,1.11,-5.72
f226,Motilal Oswal Large and Midcap Dir,0.006500000000000001,-3.64,3.78,28.34,29.63,26.16,18.37,1.08,1.21,1.11,11.45
f227,Motilal Oswal Midcap Dir,0.0069,-6.96,1.55,28.93,34.96,26.96,17.42,1.18,1.43,0.89,7.88
f228,Motilal Oswal Nifty 500 Index Dir,0.0017000000000000001,2.88,-3.05,14.97,20.15,14.3,13.39,0.6,0.94,1.0,-0.1
f229,Motilal Oswal Nifty 50 ETF,0.0006,5.75,-0.43,13.09,18.18,12.47,12.12,0.51,0.91,0.96,-0.63
f230,Motilal Oswal Nifty 50 Index Dir,0.0012,5.66,-0.55,12.95,17.98,12.34,12.13,0.5,0.89,0.96,-0.76
f231,Motilal Oswal Nifty Midcap 100 ETF,0.0023,0.17,-3.53,22.34,28.02,20.92,16.56,0.88,1.29,1.04,-0.29
f232,Motilal Oswal Nifty Midcap 150 Dir,0.0026,0.54,-3.27,21.49,27.1,20.36,15.8,0.89,1.33,0.99,-0.24
f233,Motilal Oswal Nifty Next 50 Index Dir,0.0032,-0.78,-10.49,15.95,20.11,15.69,17.94,0.52,0.79,1.28,0.29
f234,Motilal Oswal Nifty Smallcap 250 Index Dir,0.0033,-4.39,-8.27,21.71,28.07,21.38,19.45,0.77,1.18,1.03,0.02
f235,Navi ELSS Tax Saver Dir,0.0039000000000000003,-0.59,-6.74,13.47,17.45,13.3,13.03,0.54,0.83,0.94,-0.58
f236,Navi Flexi Cap Dir,0.005600000000000001,0.76,-4.67,13.98,19.2,13.46,12.96,0.55,0.9,0.92,-0.33
f237,Navi Large & Midcap Dir,0.0052,-0.87,-3.83,14.08,21.25,13.81,14.0,0.53,0.81,0.98,0.08
f238,Nippon India Consumption Dir,0.0054,8.17,-0.91,18.74,24.77,17.46,13.42,0.83,1.01,0.76,2.42
f239,Nippon India ELSS Tax Saver Dir,0.0102,3.26,-3.31,17.51,23.71,16.89,13.56,0.78,1.37,1.0,2.53
f240,Nippon India ETF BSE Sensex,0.0004,4.34,-0.66,12.21,17.36,11.7,11.73,0.46,0.81,0.92,-1.13
f241,Nippon India ETF BSE Sensex Next 50,0.0023,2.54,-3.98,18.75,23.65,17.81,15.74,0.73,1.05,1.16,3.24
f242,Nippon India ETF Nifty 100,0.005,4.23,-2.7,12.66,17.84,12.14,12.85,0.45,0.75,1.02,-1.39
f243,Nippon India ETF Nifty 50 BeES,0.0004,5.76,-0.41,13.11,18.23,12.49,12.12,0.51,0.91,0.96,-0.61
f244,Nippon India ETF Nifty 50 Shariah BeES,0.0096,-7.12,-16.13,6.86,11.9,7.23,15.45,0.06,0.09,1.05,-6.55
f245,Nippon India ETF Nifty 50 Value 20,0.0026,-5.13,-10.45,14.1,19.82,13.71,13.01,0.57,0.82,0.85,0.49
f246,Nippon India ETF Nifty Dividend Opp 50,0.0037,-5.13,-13.06,18.53,21.65,17.71,14.93,0.76,1.09,1.0,3.29
f247,Nippon India ETF Nifty India Consumption,0.0031,9.63,2.71,16.65,20.04,15.57,14.32,0.65,0.85,0.82,-0.25
f248,Nippon India ETF Nifty Infra BeES,0.0104,5.89,-4.03,20.11,22.95,19.28,15.97,0.81,1.38,0.58,1.52
f249,Nippon India ETF Nifty Next 50 Junior BeES,0.0017000000000000001,-0.69,-10.45,16.06,20.51,15.79,17.97,0.53,0.8,1.28,0.37
f250,Nippon India Focused Dir,0.011399999999999999,5.66,-2.58,14.43,22.34,14.06,12.83,0.6,1.23,0.91,0.4
f251,Nippon India Growth Mid Cap Dir,0.0070999999999999995,1.34,-0.27,24.8,29.76,23.23,15.51,1.09,1.63,0.96,3.16
f252,Nippon India Index BSE Sensex Dir,0.002,4.2,-0.85,11.98,17.14,11.49,11.72,0.44,0.78,0.92,-1.33
f253,Nippon India Index Nifty 50 Dir,0.0007000000000000001,5.68,-0.5,12.9,17.99,12.3,12.1,0.49,0.89,0.95,-0.78
f254,Nippon India Large Cap Dir,0.0069,6.12,2.21,19.94,25.02,18.87,11.89,1.06,1.78,0.92,6.01
f255,Nippon India Nifty Next 50 Junior BeES FoF Dir,0.0012,-0.9,-10.34,15.93,20.44,15.69,17.72,0.53,0.8,1.26,0.44
f256,Nippon India Power & Infra Dir,0.0095,-1.63,-7.24,27.96,31.04,26.23,17.95,1.11,1.55,0.63,7.58
f257,Nippon India Quant Dir,0.0053,2.92,-1.18,20.06,23.48,18.73,13.52,0.92,1.59,0.98,4.52
f258,Nippon India Retirement Wealth Creation Dir,0.0098,0.37,-3.46,17.96,21.84,16.99,13.34,0.8,1.16,0.97,2.81
f259,Nippon India Small Cap Dir,0.0064,-3.37,-6.63,23.62,33.55,22.56,16.47,0.99,1.36,0.85,3.75
f260,Nippon India Value Dir,0.0109,0.72,-2.86,21.8,26.28,20.26,13.89,1.0,1.7,1.0,5.82
f261,Nippon India Vision Large & Mid Cap Dir,0.0128,2.96,0.85,20.73,24.33,19.26,13.14,0.98,1.37,0.97,5.6
f262,Parag Parikh ELSS Tax Saver Dir,0.0062,4.91,4.19,19.56,23.35,18.1,9.79,1.2,1.92,0.67,6.38
f263,Parag Parikh Flexi Cap Dir,0.0063,5.52,7.28,21.67,23.49,19.65,8.9,1.5,2.2,0.59,8.57
f264,PGIM India ELSS Tax Saver Dir,0.0072,2.0,0.94,14.66,21.47,14.03,12.04,0.64,1.01,0.85,0.84
f265,PGIM India Flexi Cap Dir,0.0043,4.61,1.35,14.08,21.07,13.53,12.58,0.57,0.9,0.88,0.06
f266,PGIM India Large Cap Dir,0.0085,5.38,-0.56,13.6,17.13,13.15,12.18,0.56,0.88,0.95,0.12
f267,PGIM India Midcap Dir,0.0045000000000000005,3.27,1.78,14.38,26.75,14.28,13.73,0.58,0.8,0.8,-3.55
f268,Quantum Diversified Equity All Cap Active FoF Dir,0.0051,2.88,-1.44,15.73,19.15,14.96,12.01,0.72,1.11,0.88,1.49
f269,Quantum ELSS Tax Saver Dir,0.0089,1.76,-1.75,17.83,21.61,16.84,11.53,0.91,1.62,0.83,3.84
f270,Quantum ESG Best In Class Strategy Dir,0.0075,2.98,-2.18,14.2,18.76,13.43,12.46,0.57,0.83,0.94,0.46
f271,Quantum Nifty 50 ETF,0.0009,5.71,-0.48,13.05,18.17,12.44,12.12,0.5,0.91,0.96,-0.66
f272,Quantum Value Dir,0.011000000000000001,1.62,-1.91,17.81,21.59,16.83,11.63,0.9,1.6,0.83,3.76
f273,SBI BSE 100 ETF,0.0014000000000000002,4.36,-1.85,13.91,19.09,13.26,12.58,0.55,0.93,1.0,-0.14
f274,SBI BSE Sensex ETF,0.0004,4.33,-0.68,12.16,17.35,11.66,11.73,0.45,0.8,0.92,-1.17
f275,SBI BSE Sensex Next 50 ETF,0.0012,2.63,-3.92,18.98,23.93,18.01,15.78,0.74,1.07,1.17,3.41
f276,SBI Comma Dir,0.0179,6.97,-2.16,15.76,21.21,14.89,15.2,0.56,0.98,1.03,0.24
f277,SBI Consumption Opportunities Dir,0.009399999999999999,-1.3,-5.1,17.55,26.16,16.82,13.83,0.76,0.98,0.78,1.47
f278,SBI Contra Dir,0.0066,1.26,-4.14,20.85,30.44,19.64,12.26,1.09,1.78,0.88,6.2
f279,SBI ELSS Tax Saver Dir,0.0095,1.82,-2.7,24.09,25.78,22.14,13.48,1.17,1.99,0.96,8.02
f280,SBI Equity Minimum Variance Dir,0.0042,4.13,-5.99,14.23,18.09,13.37,13.0,0.54,0.76,0.89,-0.12
f281,SBI ESG Exclusionary Strategy Dir,0.0134,3.43,-2.01,13.32,18.26,12.88,11.91,0.55,0.9,0.91,0.1
f282,SBI Flexicap Dir,0.0085,1.55,-2.58,13.2,19.04,12.65,11.44,0.55,0.82,0.83,-0.36
f283,SBI Focused Dir,0.0079,8.22,7.35,16.24,19.96,14.85,10.54,0.81,1.37,0.69,2.94
f284,SBI Infrastructure Dir,0.0101,-3.91,-11.0,21.85,27.13,20.89,15.09,0.97,1.32,0.52,4.44
f285,SBI Large & Midcap Dir,0.0075,5.37,1.75,17.92,24.46,16.9,11.32,0.93,1.54,0.82,4.37
f286,SBI Midcap Dir,0.0085,-3.19,-6.23,15.08,26.41,15.18,13.17,0.67,0.96,0.78,-2.32
f287,SBI MNC Dir,0.0124,-4.97,-5.51,7.7,14.6,7.91,10.25,0.15,0.21,0.63,-3.47
f288,SBI Nifty 200 Quality 30 ETF,0.003,0.76,-8.39,13.51,16.66,12.71,14.11,0.45,0.55,0.98,-1.05
f289,SBI Nifty 50 ETF,0.0004,5.75,-0.42,13.09,18.21,12.48,12.12,0.51,0.91,0.96,-0.62
f290,SBI Nifty Index Dir,0.0019,5.59,-0.64,12.89,17.97,12.29,12.13,0.49,0.88,0.96,-0.81
f291,SBI Nifty Next 50 ETF,0.0012,-0.63,-10.41,16.12,20.56,15.85,17.97,0.53,0.81,1.28,0.42
f292,SBI PSU Dir,0.0084,2.0,-7.55,30.49,30.96,28.63,22.18,1.01,2.0,0.95,0.52
f293,SBI Small Cap Dir,0.0074,-2.19,-5.95,15.86,25.64,15.75,14.08,0.67,0.92,0.72,-1.13
f294,SBI Technology Opportunities Dir,0.009000000000000001,-4.26,0.23,19.13,24.54,18.35,15.15,0.79,1.57,0.75,9.46
f295,Shriram ELSS Tax Saver Dir,0.008,-8.67,-11.95,11.44,15.24,11.64,15.19,0.35,0.45,1.01,-2.84
f296,Shriram Flexi Cap Dir,0.0084,-9.44,-12.93,11.44,15.9,11.7,15.24,0.35,0.46,1.0,-2.73
f297,Sundaram Consumption Dir,0.0132,3.59,0.6,17.77,20.67,16.46,13.4,0.76,0.97,0.77,1.25
f298,Sundaram Dividend Yield Dir,0.0108,-1.0,-6.72,17.05,20.73,16.15,13.12,0.75,1.12,0.95,2.17
f299,Sundaram ELSS Tax Saver Dir,0.0167,4.04,0.18,14.92,20.87,14.53,11.63,0.7,1.19,0.84,1.39
f300,Sundaram Focused Dir,0.013000000000000001,-0.38,-4.16,14.0,19.78,13.78,11.8,0.63,1.06,0.84,0.7
f301,Sundaram Infrastructure Advantage Dir,0.018799999999999997,1.02,-3.46,21.17,27.15,20.55,15.77,0.9,1.33,0.55,3.53
f302,Sundaram Large & Midcap Dir,0.0077,-0.29,-2.13,15.97,21.68,15.43,13.61,0.67,0.97,0.99,1.63
f303,Sundaram Large Cap Dir,0.0064,1.78,-3.05,13.17,17.83,12.82,11.65,0.56,1.02,0.91,0.05
f304,Sundaram Midcap Dir,0.009300000000000001,0.53,-0.63,23.24,27.28,22.0,15.02,1.04,1.36,0.93,2.39
f305,Sundaram Nifty 100 Equal Weight Dir,0.0060999999999999995,4.78,-4.91,16.16,21.05,15.25,14.5,0.62,1.01,1.1,1.1
f306,Sundaram Services Dir,0.0074,6.91,5.29,19.01,25.8,17.57,12.58,0.89,1.57,0.87,4.22
f307,Sundaram Small Cap Dir,0.0087,-0.33,-3.81,20.83,29.46,19.85,15.65,0.86,1.19,0.8,1.81
f308,Tata BSE Sensex Index Dir,0.003,4.1,-0.99,11.83,16.83,11.36,11.71,0.43,0.76,0.92,-1.47
f309,Tata Children's Dir,0.0206,0.11,-6.42,13.88,19.33,13.5,12.71,0.56,0.9,0.92,-0.22
f310,Tata Digital India Dir,0.0043,-14.13,-11.12,15.6,23.43,15.55,17.49,0.53,0.91,0.88,6.2
f311,Tata ELSS Dir,0.0072,-0.62,-3.7,15.63,20.98,15.11,13.43,0.65,1.06,0.97,0.95
f312,Tata Ethical Dir,0.006500000000000001,-2.29,-11.06,12.38,19.09,12.12,12.98,0.45,0.58,0.88,-1.34
f313,Tata Flexi Cap Dir,0.0063,8.24,1.66,16.36,19.06,15.46,11.42,0.8,1.5,0.8,2.67
f314,Tata Focused Dir,0.0064,-1.72,-4.95,16.92,21.8,16.16,13.14,0.75,1.13,0.93,2.31
f315,Tata India Consumer Dir,0.0072,0.47,0.27,19.56,22.42,18.13,14.01,0.84,1.04,0.8,2.56
f316,Tata India Pharma & Healthcare Dir,0.0062,-2.14,0.44,25.62,21.09,23.75,15.97,1.09,1.69,0.98,0.79
f317,Tata Infrastructure Dir,0.0115,-5.05,-13.56,19.05,29.16,18.87,17.51,0.72,1.01,0.6,0.72
f318,Tata Large Cap Dir,0.009899999999999999,3.41,-2.82,15.19,20.18,14.39,12.54,0.64,1.14,0.98,1.1
f319,Tata Large & Midcap Dir,0.0064,0.43,-5.65,14.9,20.4,14.62,12.6,0.66,1.09,0.92,1.33
f320,Tata Mid Cap Dir,0.0064,0.8,-4.97,20.88,25.76,19.84,14.64,0.92,1.32,0.9,0.53
f321,Tata Nifty 50 ETF,0.0006,5.72,-0.46,13.06,18.18,12.45,12.1,0.51,0.91,0.95,-0.64
f322,Tata Nifty 50 Index Dir,0.0019,5.57,-0.7,12.83,17.92,12.24,12.1,0.49,0.87,0.95,-0.85
f323,Tata Resources & Energy Dir,0.0054,8.3,-0.44,18.8,24.21,17.87,15.43,0.75,1.25,0.6,7.87
f324,Tata Retirement Savings Progressive Dir,0.0054,-1.28,-2.19,16.42,18.06,15.6,13.4,0.69,0.92,0.92,1.81
f325,Tata Small Cap Dir,0.0033,-3.84,-5.91,22.98,31.92,21.8,16.03,0.97,1.31,0.79,3.87
f326,Tata Value Dir,0.008,-2.6,-9.85,19.23,22.45,18.15,14.32,0.83,1.28,1.04,3.44
f327,Taurus ELSS Tax Saver Dir,0.0179,0.41,-1.37,18.59,19.62,17.28,11.64,0.94,1.48,0.77,4.71
f328,Taurus Ethical Dir,0.0097,-1.04,-8.68,14.89,18.47,14.52,14.24,0.58,0.82,0.96,0.44
f329,Taurus Flexi Cap Dir,0.025699999999999997,-2.58,-7.1,12.6,17.15,12.5,13.7,0.45,0.67,0.95,-1.53
f330,Taurus Infrastructure Dir,0.0195,-0.35,-6.4,18.59,23.31,18.07,16.31,0.72,1.11,0.56,0.8
f331,Taurus Large Cap Dir,0.0241,0.52,-4.07,12.03,17.1,12.13,13.76,0.42,0.63,0.99,-1.21
f332,Taurus Mid Cap Dir,0.0213,1.66,-7.55,17.55,21.15,17.4,16.49,0.67,1.16,0.99,-3.18
f333,Taurus Nifty 50 Index Dir,0.008,5.26,-1.06,12.01,17.5,11.49,11.97,0.43,0.77,0.94,-1.52
f334,Templeton India Value Dir,0.0087,1.72,-6.8,18.71,27.63,17.89,12.66,0.91,1.66,0.91,4.25
f335,Union ELSS Tax Saver Dir,0.0138,2.84,-0.47,16.06,21.27,15.19,12.36,0.72,1.06,0.88,1.71
f336,Union Flexi Cap Dir,0.0091,0.91,-0.56,15.99,20.84,15.24,12.65,0.7,0.96,0.91,1.58
f337,Union Focused Dir,0.0146,1.11,1.57,13.63,19.11,12.92,12.5,0.53,0.76,0.88,-0.48
f338,Union Largecap Dir,0.016200000000000003,2.1,-2.21,13.07,17.61,12.44,11.87,0.52,0.88,0.92,-0.39
f339,Union Large & Midcap Dir,0.009399999999999999,1.14,-0.04,16.44,21.37,15.78,13.32,0.71,0.88,0.91,2.56
f340,Union Midcap Dir,0.0075,1.2,0.21,19.72,27.37,19.1,15.53,0.82,1.07,0.92,-0.48
f341,Union Small Cap Dir,0.009399999999999999,-3.42,-2.09,18.12,27.25,17.92,17.5,0.66,0.87,0.84,-0.74
f342,Union Value Dir,0.0132,2.81,-1.99,18.54,22.38,17.44,12.6,0.88,1.46,0.89,3.91
f343,UTI BSE Sensex ETF,0.0005,4.33,-0.67,12.17,17.35,11.66,11.73,0.45,0.8,0.92,-1.17
f344,UTI BSE Sensex Next 50 ETF,0.0021,2.68,-3.86,19.04,23.91,18.06,15.78,0.74,1.07,1.17,3.46
f345,UTI Children's Equity Dir,0.012199999999999999,2.53,-4.11,13.14,18.92,12.66,12.88,0.49,0.79,0.92,-1.11
f346,UTI Dividend Yield Dir,0.0148,1.82,-4.97,20.42,22.32,18.81,13.53,0.92,1.44,0.95,4.83
f347,UTI ELSS Tax Saver Dir,0.009000000000000001,1.86,-4.66,13.23,19.13,12.77,12.98,0.5,0.8,0.93,-1.06
f348,UTI Flexi Cap Dir,0.01,3.74,1.01,11.06,17.02,10.66,12.24,0.35,0.55,0.82,-2.26
f349,UTI India Consumer Dir,0.015600000000000001,5.23,-2.25,14.63,18.32,13.89,14.13,0.53,0.72,0.83,-1.98
f350,UTI Infrastructure Dir,0.019,0.68,-7.32,19.26,25.24,18.69,14.65,0.84,1.31,0.53,1.92
f351,UTI Large Cap Dir,0.0092,4.85,-1.99,12.9,18.07,12.44,11.62,0.53,0.83,0.9,-0.28
f352,UTI Large & Mid Cap Dir,0.0101,1.27,-3.6,21.1,25.7,19.93,13.55,1.0,1.59,0.99,6.11
f353,UTI Midcap Dir,0.0092,-0.87,-6.21,16.75,23.91,16.62,15.54,0.66,0.93,0.95,-3.39
f354,UTI MNC Dir,0.0125,2.7,-3.32,13.02,15.52,12.64,12.43,0.51,0.68,0.83,-0.36
f355,UTI Nifty 50 ETF,0.0005,5.76,-0.41,13.1,18.22,12.48,12.12,0.51,0.91,0.96,-0.62
f356,UTI Nifty 50 Index Dir,0.0017000000000000001,5.64,-0.57,12.91,18.03,12.31,12.12,0.49,0.89,0.96,-0.79
f357,UTI Nifty Next 50 ETF,0.0015,-0.57,-10.3,16.18,20.68,15.89,17.97,0.53,0.81,1.28,0.47
f358,UTI Nifty Next 50 Index Dir,0.0034000000000000002,-0.77,-10.54,15.88,20.33,15.63,17.96,0.52,0.79,1.28,0.22
f359,UTI Transportation & Logistics Dir,0.0083,17.41,4.51,23.94,27.74,21.6,16.11,0.95,1.32,1.03,6.99
f360,UTI Value Dir,0.011699999999999999,3.24,-2.11,18.82,22.67,17.48,12.61,0.88,1.5,0.91,3.82
f361,360 ONE Dynamic Bond Dir,0.0027,6.62,8.7,8.22,7.31,7.75,1.95,0.73,1.11,1.08,1.02
f362,360 ONE Liquid Dir,0.002,4.64,6.76,6.9,5.49,6.7,0.17,2.19,2.77,0.31,0.95
f363,ABSL Banking & PSU Debt Dir,0.0039000000000000003,5.81,8.05,7.62,6.47,7.34,1.17,0.86,1.32,2.69,6.0
f364,ABSL Corporate Bond Dir,0.0032,5.64,7.93,7.86,6.68,7.48,1.24,0.93,1.19,0.69,0.9
f365,ABSL Credit Risk Dir,0.0067,11.5,17.01,11.4,10.29,10.78,2.51,1.78,7.79,2.18,8.49
f366,ABSL Dynamic Bond Dir,0.0064,5.73,7.66,8.09,7.52,7.67,2.23,0.6,0.92,1.27,0.87
f367,ABSL Floating Rate Dir,0.0022,5.83,8.25,7.85,6.56,7.6,0.48,2.63,4.74,1.11,3.33
f368,ABSL Income Dir,0.0074,4.24,6.09,7.28,6.14,6.84,2.37,0.22,0.31,1.39,0.0
f369,ABSL Liquid Dir,0.0021,4.82,7.01,7.14,5.75,6.92,0.19,3.17,4.05,0.39,1.32
f370,ABSL Low Duration Dir,0.0043,5.71,8.11,7.71,6.56,7.46,0.44,2.58,4.17,1.09,3.15
f371,ABSL Medium Term Dir,0.008199999999999999,9.21,13.38,10.04,12.97,9.56,1.76,1.84,4.22,0.51,3.05
f372,ABSL Money Manager Dir,0.0022,5.61,7.92,7.66,6.26,7.41,0.34,3.14,4.81,0.85,2.67
f373,ABSL Retirement 50s + Debt Dir,0.0084,4.49,6.35,6.59,5.29,6.23,1.3,-0.07,-0.1,3.0,5.47
f374,ABSL Savings Dir,0.0034000000000000002,5.62,8.11,7.63,6.34,7.38,0.33,3.15,4.85,0.71,2.36
f375,ABSL Short Term Dir,0.0036,6.21,8.64,8.06,7.0,7.74,1.0,1.42,2.36,2.43,5.91
f376,Axis Banking & PSU Debt Dir,0.0034999999999999996,5.97,8.19,7.39,6.17,7.1,1.06,0.72,1.15,2.6,5.59
f377,Axis Corporate Bond Dir,0.0036,6.6,8.96,8.17,6.92,7.84,1.18,1.28,2.33,0.61,1.28
f378,Axis Credit Risk Dir,0.008,6.82,9.34,8.47,7.75,8.11,0.76,2.35,3.93,1.89,5.27
f379,Axis Dynamic Bond Dir,0.0032,5.3,7.03,7.45,6.15,7.17,2.33,0.36,0.59,1.28,0.36
f380,Axis Liquid Dir,0.0015,4.82,7.02,7.12,5.73,6.9,0.18,3.18,3.94,0.38,1.27
f381,Axis Money Market Dir,0.0017000000000000001,5.66,7.98,7.66,6.24,7.42,0.36,3.01,5.01,0.92,2.79
f382,Axis Short Duration Dir,0.0038,6.59,9.05,8.1,6.78,7.78,1.02,1.43,2.78,2.57,6.21
f383,Axis Strategic Bond Dir,0.0072,6.6,9.12,8.56,7.62,8.15,1.26,1.45,2.57,0.68,1.57
f384,Axis Treasury Advantage Dir,0.0034999999999999996,5.81,8.18,7.66,6.35,7.42,0.42,2.58,4.42,1.1,3.12
f385,Axis Ultra Short Duration Dir,0.0038,5.48,7.81,7.58,6.31,7.34,0.29,3.53,5.28,0.71,2.33
f386,Bandhan Banking and PSU Dir,0.0033,5.76,7.93,7.48,6.22,7.17,0.94,0.9,1.56,2.39,5.27
f387,Bandhan Bond Income Dir,0.0132,3.5,4.87,6.69,5.12,6.05,2.61,-0.11,-0.15,1.53,-0.84
f388,Bandhan Bond Medium Term Dir,0.006,5.74,7.84,7.66,5.92,7.13,1.77,0.45,0.7,0.93,0.46
f389,Bandhan Bond Short Term Dir,0.0033,6.11,8.32,7.88,6.29,7.45,1.29,0.87,1.25,3.28,7.21
f390,Bandhan Corporate Bond Dir,0.0033,6.02,8.29,7.58,6.28,7.23,1.03,0.87,1.29,0.49,0.71
f391,Bandhan Credit Risk Dir,0.0068000000000000005,5.48,7.8,7.5,6.6,7.19,0.96,0.9,1.48,2.3,5.12
f392,Bandhan Dynamic Bond Dir,0.0070999999999999995,2.85,3.73,7.55,5.86,6.69,4.04,0.09,0.12,2.35,-0.51
f393,Bandhan GSF Constant Maturity Dir,0.0014000000000000002,6.36,8.24,8.32,6.01,7.69,2.87,0.48,0.79,0.78,0.25
f394,Bandhan GSF Investment Dir,0.0052,2.93,3.86,7.74,6.0,6.89,4.07,0.14,0.19,1.11,-1.02
f395,Bandhan Liquid Dir,0.0012,4.74,6.92,7.07,5.68,6.85,0.18,2.9,3.47,0.38,1.22
f396,Bandhan Low Duration Dir,0.0034000000000000002,5.57,7.79,7.38,5.98,7.11,0.48,1.64,2.1,1.28,3.15
f397,Bandhan Money Market Dir,0.001,5.64,7.94,7.58,6.07,7.34,0.36,2.85,4.66,0.89,2.66
f398,Bandhan Overnight Dir,0.0005,4.18,6.16,6.46,5.27,6.28,0.13,-0.34,-0.42,0.13,0.19
f399,Bandhan Ultra Short Duration Dir,0.0027,5.24,7.48,7.29,5.85,7.06,0.29,2.52,3.15,0.73,2.08
f400,Bank of India Credit Risk Dir,0.011200000000000002,4.68,6.42,6.08,26.23,5.9,0.76,-0.56,-1.3,0.89,1.22
f401,Bank of India Liquid Dir,0.0011,4.78,6.97,7.1,5.72,6.88,0.17,3.26,3.77,0.37,1.24
f402,Bank of India Short Term Income Dir,0.0052,5.86,9.92,10.34,10.66,9.86,4.44,0.8,4.92,2.47,8.12
f403,Bank of India Ultra Short Duration Dir,0.0039000000000000003,5.11,7.29,6.94,5.61,6.73,0.28,1.42,2.15,0.68,1.67
f404,Baroda BNP Paribas Corporate Bond Dir,0.002,6.59,8.89,8.08,6.07,7.71,1.35,1.02,1.98,0.71,1.12
f405,Baroda BNP Paribas Credit Risk Dir,0.0085,6.69,9.11,8.67,10.59,8.28,0.71,2.74,5.91,1.61,4.94
f406,Baroda BNP Paribas Dynamic Bond Dir,0.006999999999999999,4.3,6.12,7.9,6.39,7.42,2.5,0.43,0.58,1.44,0.55
f407,Baroda BNP Paribas Liquid Dir,0.0017000000000000001,4.74,6.92,7.08,5.73,6.86,0.18,3.02,3.6,0.35,1.19
f408,Baroda BNP Paribas Low Duration Dir,0.0028000000000000004,5.74,8.03,7.59,6.33,7.34,0.41,2.49,3.78,1.05,2.95
f409,Baroda BNP Paribas Money Market Dir,0.0017000000000000001,5.62,7.9,7.33,5.77,7.09,0.35,2.19,3.64,0.84,2.33
f410,Baroda BNP Paribas Short Duration Dir,0.0044,6.33,8.64,8.06,6.58,7.75,1.07,1.33,2.55,2.72,6.46
f411,Baroda BNP Paribas Ultra Short Duration Dir,0.0031,5.31,7.59,7.44,6.12,7.21,0.27,3.25,5.14,0.65,2.08
f412,BHARAT Bond ETF-April 2030,0.0001,6.54,8.77,8.0,6.91,7.74,1.85,0.76,1.19,4.12,9.05
f413,BHARAT Bond ETF-April 2031,0.0001,6.59,8.88,8.07,6.8,7.8,2.22,0.66,1.04,4.69,10.16
f414,BHARAT Bond FOF-April 2030 Dir,0.0008,6.23,8.53,7.74,6.79,7.61,2.19,0.59,1.3,4.65,9.91
f415,BHARAT Bond FOF-April 2031 Dir,0.0008,6.47,8.79,7.82,6.7,7.78,2.47,0.59,0.99,4.88,10.49
f416,Canara Robeco Corporate Bond Dir,0.0036,5.12,7.28,7.21,5.94,6.9,1.13,0.51,0.76,0.62,0.34
f417,Canara Robeco Dynamic Bond Dir,0.0067,3.36,4.57,6.98,5.49,6.52,3.08,0.06,0.08,1.81,-0.48
f418,Canara Robeco Income Dir,0.0077,4.51,6.12,7.19,5.75,6.77,2.25,0.2,0.31,1.32,-0.05
f419,Canara Robeco Liquid Dir,0.0007000000000000001,4.82,6.99,7.1,5.68,6.88,0.17,3.18,3.96,0.38,1.25
f420,Canara Robeco Savings Dir,0.0022,5.58,7.85,7.43,5.95,7.17,0.45,1.87,2.54,1.14,2.95
f421,Canara Robeco Short Duration Dir,0.0039000000000000003,5.74,7.88,7.35,5.97,7.04,0.96,0.74,1.15,2.39,5.14
f422,Canara Robeco Ultra Short Term Dir,0.0033,5.23,7.46,7.1,5.65,6.88,0.29,1.9,2.78,0.71,1.87
f423,DSP Banking & PSU Debt Dir,0.0033,5.38,7.55,7.63,6.22,7.27,1.6,0.59,0.98,3.4,7.25
f424,DSP Bond Dir,0.004,6.53,8.61,7.85,6.32,7.51,1.48,0.79,1.32,0.75,0.9
f425,DSP Corporate Bond Dir,0.0028000000000000004,6.08,8.35,7.43,5.76,7.12,1.18,0.67,0.85,0.49,0.61
f426,DSP Credit Risk Dir,0.004,19.91,22.62,15.54,12.28,14.66,6.8,1.22,10.07,2.88,13.67
f427,DSP Liquidity Dir,0.001,4.79,6.99,7.08,5.7,6.86,0.17,3.08,3.78,0.37,1.22
f428,DSP Low Duration Dir,0.003,5.55,7.81,7.43,6.08,7.18,0.45,1.91,2.7,1.2,3.08
f429,DSP Savings Dir,0.0015,5.34,7.56,7.42,5.92,7.18,0.32,2.7,3.68,0.78,2.29
f430,DSP Short Term Dir,0.0034999999999999996,6.06,8.39,7.75,6.32,7.41,1.07,1.01,1.61,2.78,6.24
f431,DSP Strategic Bond Dir,0.0053,3.6,5.1,7.97,6.26,7.53,3.44,0.35,0.52,1.97,0.47
f432,DSP Ultra Short Dir,0.003,5.52,7.8,7.51,6.06,7.26,0.33,2.84,3.92,0.73,2.29
f433,Edelweiss Banking and PSU Debt Dir,0.0039000000000000003,6.01,8.07,7.49,6.4,7.23,1.77,0.51,0.79,4.08,8.47
f434,Edelweiss Liquid Dir,0.0005,4.8,7.0,7.12,5.76,6.91,0.18,3.3,4.14,0.37,1.26
f435,Edelweiss Money Market Dir,0.0016,5.57,7.84,7.36,5.89,7.12,0.41,1.92,2.32,1.04,2.71
f436,Franklin India Banking & PSU Debt Dir,0.0018,5.92,8.17,7.57,6.3,7.22,1.03,0.87,1.25,2.5,5.54
f437,Franklin India Corporate Debt Dir,0.0025,7.47,9.99,8.15,6.86,7.78,1.41,1.03,2.32,0.56,1.24
f438,Franklin India Floating Rate Dir,0.0026,6.47,8.71,8.53,6.87,8.18,0.98,1.89,2.46,2.07,5.69
f439,Franklin India Government Securities Dir,0.0062,3.71,5.64,6.37,5.03,5.71,2.31,-0.27,-0.26,0.57,-1.43
f440,Franklin India Liquid Super Inst Plan Dir,0.0013,4.83,7.03,7.09,5.7,6.87,0.17,3.18,4.12,0.36,1.2
f441,Franklin India Money Market Dir,0.0014000000000000002,5.67,7.98,7.58,6.08,7.33,0.39,2.6,4.06,0.98,2.81
f442,Groww Dynamic Bond Dir,0.0045000000000000005,3.82,5.67,6.59,5.76,6.14,2.38,-0.08,-0.1,1.26,-0.65
f443,Groww Liquid Dir,0.001,4.84,7.03,7.01,5.59,6.8,0.18,2.58,3.76,0.34,1.1
f444,Groww Short Duration Dir,0.003,6.4,8.52,7.62,6.18,7.26,1.1,0.85,1.46,2.49,5.55
f445,HDFC Banking and PSU Debt Dir,0.0039000000000000003,5.86,8.12,7.67,6.47,7.4,1.16,0.93,1.5,2.69,6.06
f446,HDFC Corporate Bond Dir,0.0036,5.74,8.06,7.84,6.62,7.54,1.27,0.95,1.33,0.68,0.96
f447,HDFC Credit Risk Debt Dir,0.0101,6.4,8.53,8.05,7.8,7.7,0.95,1.45,2.66,2.3,5.64
f448,HDFC Dynamic Debt Dir,0.0075,3.98,5.54,7.56,7.0,7.07,2.5,0.29,0.34,1.45,0.2
f449,HDFC Floating Rate Debt Dir,0.0026,6.05,8.35,8.07,6.89,7.85,0.63,2.42,4.08,1.25,3.83
f450,HDFC Income Dir,0.008,4.92,6.66,7.67,6.01,7.21,2.5,0.35,0.51,1.5,0.33
f451,HDFC Liquid Dir,0.002,4.78,6.94,7.05,5.67,6.83,0.18,2.78,3.44,0.39,1.23
f452,HDFC Low Duration Dir,0.0045000000000000005,5.79,8.09,7.76,6.61,7.52,0.45,2.66,4.49,1.05,3.13
f453,HDFC Medium Term Debt Dir,0.0067,6.19,8.3,8.04,7.19,7.65,1.35,0.98,1.61,0.76,1.04
f454,HDFC Money Market Dir,0.0023,5.64,7.94,7.62,6.2,7.37,0.36,2.88,4.82,0.91,2.72
f455,HDFC Short Term Debt Dir,0.004,6.14,8.46,8.0,6.73,7.7,0.96,1.44,2.47,2.39,5.81
f456,HDFC Ultra Short Term Dir,0.0037,5.34,7.62,7.42,6.1,7.18,0.3,2.84,4.07,0.73,2.21
f457,HSBC Banking & PSU Debt Dir,0.0023,6.03,8.29,7.34,5.78,6.98,1.24,0.52,0.72,2.95,6.11
f458,HSBC Corporate Bond Dir,0.003,6.37,8.55,7.63,6.25,7.35,1.57,0.65,1.03,0.77,0.73
f459,HSBC Credit Risk Dir,0.0096,18.96,21.35,11.93,9.48,11.49,6.86,0.75,8.07,10.51,24.64
f460,HSBC Dynamic Bond Dir,0.0024,4.89,6.55,7.55,5.89,7.1,2.44,0.32,0.46,1.39,0.25
f461,HSBC Liquid Dir,0.0012,4.79,6.97,7.09,5.7,6.87,0.18,2.96,3.76,0.38,1.24
f462,HSBC Low Duration Dir,0.0039000000000000003,7.14,9.48,8.13,6.62,7.85,1.0,1.52,4.83,2.05,5.32
f463,HSBC Medium Duration Dir,0.004,6.56,8.82,8.4,7.41,7.98,1.35,1.23,2.03,0.76,1.37
f464,HSBC Medium to Long Duration Dir,0.0067,5.1,6.73,7.48,5.58,6.98,2.4,0.27,0.44,1.38,0.14
f465,HSBC Money Market Dir,0.0015,5.57,7.85,7.48,5.93,7.24,0.35,2.56,4.17,0.88,2.54
f466,HSBC Short Duration Dir,0.0027,6.28,8.47,7.67,6.16,7.34,1.08,0.94,1.58,2.71,6.04
f467,HSBC Ultra Short Duration Dir,0.0016,5.3,7.56,7.37,5.94,7.14,0.29,2.8,3.84,0.72,2.14
f468,ICICI Pru All Seasons Bond Dir,0.0059,5.89,8.24,8.39,7.39,8.05,1.38,1.24,1.65,0.76,1.44
f469,ICICI Pru Banking & PSU Debt Dir,0.0039000000000000003,5.75,8.23,7.82,6.8,7.6,0.87,1.45,2.23,1.76,4.53
f470,ICICI Pru Bond Dir,0.0062,5.16,7.41,7.98,6.46,7.62,2.01,0.64,0.86,1.15,0.86
f471,ICICI Pru Corporate Bond Dir,0.0034999999999999996,6.02,8.41,7.98,6.82,7.74,0.8,1.76,2.88,0.38,1.27
f472,ICICI Pru Credit Risk Dir,0.0076,7.31,9.55,8.79,8.13,8.29,0.98,2.01,4.04,2.35,6.32
f473,ICICI Pru Debt Management (FOF) Dir,0.0040999999999999995,5.78,7.97,7.82,6.71,7.51,1.11,1.06,1.43,0.59,0.97
f474,ICICI Pru Floating Interest Dir,0.0055000000000000005,6.04,8.39,8.34,7.17,8.19,0.73,2.55,4.56,0.61,3.0
f475,ICICI Pru Liquid Dir,0.002,4.77,6.94,7.06,5.69,6.85,0.19,2.78,3.51,0.39,1.25
f476,ICICI Pru Long Term Bond Dir,0.0042,4.29,6.53,7.68,5.53,7.28,3.21,0.3,0.41,6.24,12.51
f477,ICICI Pru Medium Term Bond Dir,0.0074,6.93,9.32,8.39,7.66,7.94,1.06,1.52,2.76,0.56,1.4
f478,ICICI Pru Money Market Dir,0.0021,5.63,7.93,7.61,6.16,7.36,0.37,2.82,4.96,0.92,2.73
f479,ICICI Pru Retirement Pure Debt Dir,0.0124,5.19,7.27,7.32,6.42,7.02,1.13,0.61,0.79,0.57,0.48
f480,ICICI Pru Savings Dir,0.0042,5.72,8.06,7.77,6.5,7.59,0.43,2.91,4.5,0.72,2.6
f481,ICICI Pru Short Term Dir,0.0045000000000000005,6.35,8.71,8.3,7.22,8.03,0.79,2.16,3.8,1.76,4.97
f482,ICICI Pru Ultra Short Term Dir,0.0039000000000000003,5.5,7.82,7.56,6.43,7.31,0.3,3.3,5.01,0.71,2.3
f483,Invesco India Banking and PSU Dir,0.0025,5.84,8.0,7.58,5.73,7.25,1.38,0.67,1.12,3.29,7.02
f484,Invesco India Corporate Bond Dir,0.0028000000000000004,6.2,8.42,7.8,6.29,7.42,1.26,0.87,1.39,0.67,0.84
f485,Invesco India Credit Risk Dir,0.0028000000000000004,8.31,10.56,10.49,7.83,9.92,2.81,1.28,4.51,4.21,11.39
f486,Invesco India Liquid Dir,0.0015,4.76,6.95,7.06,5.68,6.84,0.18,2.92,3.5,0.38,1.22
f487,Invesco India Low Duration Dir,0.0032,5.58,7.88,7.4,6.05,7.16,0.43,1.94,2.73,1.12,2.91
f488,Invesco India Money Market Dir,0.0022,5.52,7.76,7.45,5.96,7.2,0.37,2.37,3.66,0.92,2.58
f489,Invesco India Short Duration Dir,0.0034999999999999996,6.27,8.49,7.75,6.24,7.42,1.07,1.02,1.84,2.73,6.15
f490,Invesco India Ultra Short Duration Dir,0.0024,5.37,7.7,7.42,6.03,7.18,0.3,2.87,3.68,0.72,2.2
f491,ITI Liquid Dir,0.0009,4.74,6.87,6.84,5.49,6.63,0.14,2.25,2.51,0.26,0.8
f492,JM Dynamic Bond Dir,0.0048,5.81,7.51,7.56,6.27,7.25,2.1,0.44,0.75,1.17,0.49
f493,JM Liquid Dir,0.0016,4.73,6.88,7.01,5.67,6.8,0.16,2.97,3.52,0.33,1.09
f494,JM Low Duration Dir,0.0034999999999999996,5.69,7.98,7.41,5.99,7.15,0.42,1.98,2.89,1.11,2.88
f495,JM Medium to Long Duration Dir,0.0060999999999999995,5.74,7.4,7.61,5.52,7.12,2.24,0.35,0.6,1.25,0.33
f496,Kotak Banking & PSU Debt Dir,0.004,5.79,8.05,7.76,6.57,7.51,1.18,1.0,1.71,2.61,6.02
f497,Kotak Bond Dir,0.006999999999999999,4.75,6.52,7.87,6.49,7.42,2.28,0.48,0.68,1.33,0.6
f498,Kotak Bond Short Term Dir,0.0038,6.16,8.45,7.92,6.58,7.59,1.1,1.15,1.91,2.73,6.32
f499,Kotak Corporate Bond Dir,0.0034000000000000002,6.24,8.54,7.92,6.6,7.6,1.13,1.12,1.92,0.59,1.05
f500,Kotak Credit Risk Dir,0.008100000000000001,7.65,8.15,8.16,6.81,7.7,1.39,0.99,1.54,2.58,6.15
f501,Kotak Dynamic Bond Dir,0.0059,4.72,6.12,7.89,6.65,7.32,2.79,0.35,0.5,1.62,0.39
f502,Kotak Floating Rate Dir,0.0025,6.43,8.94,8.12,6.94,7.88,0.72,2.16,4.02,1.52,4.37
f503,Kotak Liquid Dir,0.002,4.8,6.96,7.06,5.69,6.85,0.18,2.83,3.49,0.4,1.27
f504,Kotak Low Duration Dir,0.0042,5.82,8.32,7.78,6.5,7.54,0.45,2.69,4.94,1.02,3.11
f505,Kotak Medium Term Dir,0.0067,7.2,9.37,8.61,7.69,8.13,1.47,1.22,2.12,0.7,1.54
f506,Kotak Money Market Dir,0.0024,5.6,7.88,7.58,6.17,7.33,0.36,2.79,4.57,0.9,2.67
f507,Kotak Savings Dir,0.0037,5.33,7.61,7.39,6.05,7.15,0.31,2.66,4.08,0.72,2.17
f508,LIC MF Banking & PSU Dir,0.0028000000000000004,6.19,8.42,7.7,6.13,7.35,1.32,0.77,1.29,3.18,6.91
f509,LIC MF Liquid Dir,0.0016,4.75,6.92,7.05,5.69,6.84,0.18,2.87,3.57,0.36,1.17
f510,LIC MF Low Duration Dir,0.0025,5.65,7.99,7.47,6.21,7.22,0.44,2.02,3.36,1.17,3.06
f511,LIC MF Medium to Long Duration Dir,0.0021,5.43,7.69,7.98,5.95,7.69,2.41,0.56,0.89,1.38,0.85
f512,LIC MF Short Duration Dir,0.0036,6.19,8.47,7.8,6.26,7.45,1.12,1.0,1.55,2.82,6.35
f513,LIC MF Ultra Short Duration Direct,0.0025,5.29,7.57,7.14,5.94,6.91,0.28,2.11,3.49,0.66,1.81
f514,Mahindra Manulife Dynamic Bond Dir,0.0039000000000000003,5.69,7.29,7.99,5.95,7.55,2.25,0.54,0.97,1.28,0.75
f515,Mahindra Manulife Liquid Dir,0.0015,4.78,6.97,7.12,5.76,6.9,0.17,3.39,4.02,0.34,1.21
f516,Mahindra Manulife Low Duration Dir,0.003,5.78,8.15,7.71,6.29,7.43,0.41,2.71,3.85,0.99,2.94
f517,Mahindra Manulife Ultra Short Duration Dir,0.0028000000000000004,5.32,7.63,7.43,6.05,7.19,0.27,3.14,4.26,0.65,2.06
f518,Mirae Asset Banking and PSU Dir,0.0036,5.67,8.07,7.48,6.06,7.18,1.27,0.67,1.13,2.84,6.12
f519,Mirae Asset Dynamic Bond Dir,0.0016,6.02,8.18,7.45,5.72,7.14,1.19,0.68,0.86,0.5,0.63
f520,Mirae Asset Liquid Dir,0.0009,4.78,6.97,7.09,5.73,6.87,0.18,3.02,3.78,0.37,1.24
f521,Mirae Asset Low Duration Dir,0.0017000000000000001,5.8,8.13,7.59,6.21,7.33,0.42,2.4,3.58,1.11,3.06
f522,Mirae Asset Short Duration Dir,0.0025,6.32,8.63,7.87,6.48,7.55,1.05,1.16,1.89,2.62,6.06
f523,Motilal Oswal Liquid Dir,0.0019,4.48,6.51,6.66,5.35,6.47,0.18,0.79,1.08,0.35,0.79
f524,Motilal Oswal Ultra Short Term Dir,0.0029,4.59,6.51,6.45,5.2,6.26,0.22,-0.31,-0.41,0.48,0.82
f525,Navi Liquid Dir,0.0015,4.43,6.53,6.7,5.54,6.51,0.15,1.22,1.6,0.26,0.67
f526,Nippon India Banking and PSU Dir,0.0038,5.91,8.08,7.68,6.45,7.38,1.32,0.8,1.32,3.12,6.83
f527,Nippon India Corporate Bond Dir,0.0036,6.36,8.71,8.2,7.11,7.85,1.27,1.2,1.94,0.68,1.27
f528,Nippon India Credit Risk Dir,0.0069,7.31,10.04,9.0,9.5,8.62,0.8,2.88,5.03,1.96,5.93
f529,Nippon India Dynamic Bond Dir,0.0034999999999999996,5.74,7.64,7.88,6.27,7.63,2.12,0.61,0.9,1.12,0.88
f530,Nippon India ETF Nifty 8-13 yr G-Sec LT Gilt,0.001,6.03,8.09,8.22,5.7,7.68,2.64,0.51,0.87,0.69,0.36
f531,Nippon India Floater Dir,0.0034999999999999996,6.26,8.68,8.02,6.75,7.7,0.89,1.54,2.64,2.2,5.45
f532,Nippon India Gilt Dir,0.005,3.28,4.8,7.39,5.85,6.91,3.19,0.18,0.23,0.88,-0.67
f533,Nippon India Liquid Dir,0.002,4.8,6.98,7.1,5.72,6.88,0.18,3.03,3.75,0.4,1.28
f534,Nippon India Low Duration Dir,0.0038,5.78,8.23,7.66,6.58,7.39,0.44,2.44,3.46,1.12,3.14
f535,Nippon India Medium Duration Dir,0.0052,8.19,10.71,8.8,9.15,8.34,1.96,1.03,2.22,0.74,1.73
f536,Nippon India Medium to Long Duration Dir,0.0067,4.04,5.63,7.71,6.16,7.35,2.41,0.43,0.57,1.4,0.51
f537,Nippon India Money Market Dir,0.0022,5.68,7.98,7.66,6.26,7.41,0.36,3.01,5.17,0.88,2.71
f538,Nippon India Nivesh Lakshya Long Duration Dir,0.0033,3.52,5.12,7.76,5.99,7.68,3.88,0.35,0.45,5.79,12.08
f539,Nippon India Overnight Dir,0.0008,4.2,6.19,6.48,5.29,6.3,0.13,-0.19,-0.23,0.14,0.23
f540,Nippon India Short Duration Dir,0.0038,6.45,8.87,8.11,6.99,7.75,1.1,1.29,2.14,2.79,6.6
f541,Nippon India Ultra Short Duration Dir,0.0038,5.52,7.9,7.67,7.47,7.41,0.29,3.77,5.44,0.7,2.37
f542,Parag Parikh Liquid Dir,0.0011,4.58,6.65,6.7,5.41,6.51,0.16,1.11,1.4,0.33,0.79
f543,PGIM India Corporate Bond Dir,0.0025,6.2,8.49,7.72,6.66,7.36,1.23,0.84,1.35,0.64,0.79
f544,PGIM India Dynamic Bond Dir,0.0042,4.95,6.82,8.05,6.51,7.59,2.36,0.54,0.79,1.36,0.76
f545,PGIM India Liquid Dir,0.0012,4.81,7.01,7.11,5.73,6.89,0.18,3.17,3.94,0.36,1.24
f546,PGIM India Money Market Dir,0.0021,5.48,7.72,7.49,6.1,7.24,0.35,2.58,4.71,0.87,2.53
f547,PGIM India Ultra Short Duration Dir,0.0032,5.22,7.48,7.29,6.0,7.06,0.25,2.89,4.28,0.61,1.87
f548,Quantum Dynamic Bond Dir,0.0051,5.0,6.66,8.18,6.47,7.74,2.73,0.52,0.79,1.51,0.85
f549,Quantum Liquid Dir,0.0015,4.47,6.55,6.76,5.45,6.56,0.16,1.45,1.63,0.32,0.83
f550,SBI Banking and PSU Dir,0.0039000000000000003,6.04,8.26,7.66,6.18,7.34,1.2,0.84,1.51,2.88,6.36
f551,SBI Corporate Bond Dir,0.0036,6.25,8.58,7.84,6.37,7.52,1.21,0.98,1.65,0.63,0.96
f552,SBI Credit Risk Dir,0.0089,6.44,8.86,8.71,7.69,8.34,1.23,1.63,4.51,1.96,5.64
f553,SBI Dynamic Bond Dir,0.0063,5.04,6.59,8.23,6.6,7.95,2.5,0.65,1.0,1.41,1.1
f554,SBI Liquid Dir,0.0021,4.74,6.88,7.03,5.67,6.82,0.18,2.75,3.3,0.38,1.2
f555,SBI Magnum Income Dir,0.0077,4.98,6.91,7.81,6.59,7.45,1.99,0.56,0.85,1.16,0.69
f556,SBI Magnum Low Duration Dir,0.0043,5.65,7.91,7.58,6.18,7.33,0.43,2.31,3.61,1.15,3.14
f557,SBI Magnum Medium Duration Dir,0.0070999999999999995,5.85,8.15,8.05,6.93,7.65,1.29,1.03,1.68,0.71,1.06
f558,SBI Magnum Ultra Short Duration Dir,0.0034999999999999996,5.26,7.5,7.31,5.92,7.08,0.29,2.63,3.4,0.75,2.15
f559,SBI Overnight Dir,0.0008,4.16,6.14,6.43,5.24,6.25,0.13,-0.6,-0.77,0.13,0.16
f560,SBI Savings Dir,0.0025,5.6,7.88,7.58,6.17,7.34,0.34,2.95,4.82,0.87,2.62
f561,SBI Short Term Debt Dir,0.004,6.33,8.63,7.91,6.42,7.57,1.01,1.23,2.13,2.56,5.99
f562,Sundaram Banking & PSU Dir,0.0027,5.92,8.1,7.52,5.76,7.17,1.15,0.74,1.25,2.82,6.07
f563,Sundaram Corporate Bond Dir,0.0033,6.03,8.22,7.48,6.25,7.18,1.11,0.76,1.33,0.57,0.64
f564,Sundaram Liquid Dir,0.0013,4.82,7.01,7.1,5.73,6.89,0.18,3.09,4.17,0.36,1.23
f565,Sundaram Low Duration Dir,0.004,5.71,7.98,7.66,7.78,7.42,0.42,2.58,4.66,1.05,3.03
f566,Sundaram Medium Duration Dir,0.0109,5.08,6.81,6.66,5.01,6.28,1.53,-0.03,-0.06,0.82,-0.36
f567,Sundaram Money Market Dir,0.0017000000000000001,5.62,7.88,7.39,5.91,7.16,0.35,2.37,4.35,0.88,2.46
f568,Sundaram Short Duration Dir,0.003,6.08,8.23,7.93,7.87,7.59,1.04,1.21,2.2,2.53,5.96
f569,Sundaram Ultra Short Duration Dir,0.0023,5.36,7.66,7.46,6.07,7.22,0.28,3.22,5.0,0.66,2.12
f570,Tata Liquid Dir,0.002,4.81,7.01,7.08,5.7,6.86,0.18,2.98,3.57,0.39,1.25
f571,Tata Money Market Dir,0.0015,5.73,8.06,7.77,6.37,7.51,0.36,3.32,5.38,0.89,2.84
f572,Tata Short Term Bond Dir,0.0034999999999999996,5.83,8.05,7.77,6.35,7.43,1.14,0.97,1.57,2.82,6.34
f573,Tata Treasury Advantage Dir,0.0024,5.59,7.88,7.43,6.14,7.17,0.44,1.9,2.75,1.13,2.94
f574,Tata Ultra Short Term Dir,0.0028000000000000004,5.48,7.85,7.54,6.18,7.29,0.28,3.44,4.79,0.68,2.23
f575,Union Corporate Bond Dir,0.0040999999999999995,6.2,8.44,7.55,6.07,7.22,1.3,0.68,1.11,0.67,0.64
f576,Union Dynamic Bond Dir,0.0126,3.41,4.83,6.75,4.89,6.12,3.2,-0.06,-0.08,1.9,-0.91
f577,Union Liquid Dir,0.0007000000000000001,4.79,6.97,7.11,5.73,6.89,0.17,3.23,3.81,0.36,1.22
f578,UTI Banking & PSU Dir,0.0028000000000000004,6.12,8.3,7.48,7.31,7.14,1.25,0.65,0.92,3.06,6.49
f579,UTI Corporate Bond Dir,0.0026,6.26,8.49,7.77,6.43,7.43,1.15,0.95,1.75,0.6,0.87
f580,UTI Credit Risk Dir,0.0089,5.95,8.2,8.0,10.31,7.69,0.83,1.63,2.84,1.92,4.92
f581,UTI Dynamic Bond Dir,0.0073,5.13,7.11,7.68,9.15,7.26,2.08,0.45,0.6,1.18,0.5
f582,UTI Floater Dir,0.004,5.43,7.62,7.33,6.08,7.07,0.61,1.21,1.7,1.4,3.34
f583,UTI Liquid Dir,0.0015,4.79,6.97,7.09,5.72,6.87,0.18,3.02,3.84,0.38,1.24
f584,UTI Low Duration Dir,0.0034000000000000002,5.63,7.88,7.45,7.18,7.2,0.45,1.94,3.16,1.14,2.99
f585,UTI Medium Duration Dir,0.0083,5.45,7.59,7.48,6.78,7.13,1.39,0.58,0.9,0.77,0.52
f586,UTI Medium to Long Duration Dir,0.0121,4.7,6.54,7.24,8.48,6.87,2.32,0.24,0.36,1.37,0.04
f587,UTI Money Market Dir,0.0014000000000000002,5.63,7.93,7.63,6.21,7.38,0.35,3.04,5.27,0.85,2.62
f588,UTI Short Duration Dir,0.0036,6.03,8.31,7.93,7.65,7.62,0.92,1.4,2.6,2.31,5.57
f589,UTI Ultra Short Duration Dir,0.0033,5.34,7.64,7.43,6.7,7.19,0.29,2.92,4.0,0.72,2.19
